<ItemPools>
	<Pool Name="treasure">
<Item Name="Larval Therapy" Weight="1" RemoveOn="0" DecreaseBy="1"/>
	</Pool>
	<Pool Name="shop"/>
	<Pool Name="boss">
<Item Name="Larval Therapy" Weight="1" RemoveOn="0" DecreaseBy="1"/>
<Item Name="League of Legends" Weight="1" RemoveOn="0" DecreaseBy="1"/>
	</Pool>
	<Pool Name="devil"/>
	<Pool Name="angel"/>
	<Pool Name="secret"/>
	<Pool Name="library"/>
	<Pool Name="challenge"/>
	<Pool Name="goldenChest"/>
	<Pool Name="redChest">
<Item Name="Larval Therapy" Weight="0.001" RemoveOn="0" DecreaseBy="0.001"/>
	</Pool>
	<Pool Name="beggar">
<Item Name="Rank-Up-Magic Quick Chaos" Weight="1" RemoveOn="0" DecreaseBy="1"/>
<Item Name="Rank-Up-Magic Skip Force" Weight="1" RemoveOn="0" DecreaseBy="1"/>
<Item Name="Rank-Up-Magic Death Double Force" Weight="1" RemoveOn="0" DecreaseBy="1"/>
<Item Name="Larval Therapy" Weight="1" RemoveOn="0" DecreaseBy="1"/>
<Item Name="Monolelium" Weight="1" RemoveOn="0" DecreaseBy="1"/>
<Item Name="Spice" Weight="1" RemoveOn="0" DecreaseBy="1"/>
<Item Name="Scroll For Chaos" Weight="1" RemoveOn="0" DecreaseBy="1"/>
<Item Name="League of Legends" Weight="1" RemoveOn="0" DecreaseBy="1"/>
<Item Name="Amazing Chaos Scroll" Weight="1" RemoveOn="0" DecreaseBy="1"/>
<Item Name="The Small Hippo" Weight="1" RemoveOn="0" DecreaseBy="1"/>
<Item Name="The Small Raven" Weight="1" RemoveOn="0" DecreaseBy="1"/>
<Item Name="The Small Toy" Weight="1" RemoveOn="0" DecreaseBy="1"/>
<Item Name="Rank-Up-Magic Soul Shave Force" Weight="1" RemoveOn="0" DecreaseBy="1"/>
	</Pool>
	<Pool Name="demonBeggar">
<Item Name="Larval Therapy" Weight="1" RemoveOn="0" DecreaseBy="1"/>
	</Pool>
	<Pool Name="curse"/>
	<Pool Name="keyMaster"/>
	<Pool Name="bossrush"/>
	<Pool Name="dungeon"/>
	<Pool Name="greedTreasure">
<Item Name="Larval Therapy" Weight="1" RemoveOn="0" DecreaseBy="1"/>
<Item Name="League of Legends" Weight="1" RemoveOn="0" DecreaseBy="1"/>
	</Pool>
	<Pool Name="greedBoss">
<Item Name="Larval Therapy" Weight="1" RemoveOn="0" DecreaseBy="1"/>
<Item Name="League of Legends" Weight="1" RemoveOn="0" DecreaseBy="1"/>
	</Pool>
	<Pool Name="greedShop">
<Item Name="Larval Therapy" Weight="1" RemoveOn="0" DecreaseBy="1"/>
<Item Name="League of Legends" Weight="1" RemoveOn="0" DecreaseBy="1"/>
	</Pool>
	<Pool Name="greedCurse"/>
	<Pool Name="greedDevil">
<Item Name="Rank-Up-Magic Quick Chaos" Weight="1" RemoveOn="0" DecreaseBy="1"/>
<Item Name="Rank-Up-Magic Skip Force" Weight="1" RemoveOn="0" DecreaseBy="1"/>
<Item Name="Rank-Up-Magic Death Double Force" Weight="1" RemoveOn="0" DecreaseBy="1"/>
<Item Name="Larval Therapy" Weight="1" RemoveOn="0" DecreaseBy="1"/>
<Item Name="Monolelium" Weight="1" RemoveOn="0" DecreaseBy="1"/>
<Item Name="Spice" Weight="1" RemoveOn="0" DecreaseBy="1"/>
<Item Name="Scroll For Chaos" Weight="1" RemoveOn="0" DecreaseBy="1"/>
<Item Name="League of Legends" Weight="1" RemoveOn="0" DecreaseBy="1"/>
<Item Name="Amazing Chaos Scroll" Weight="1" RemoveOn="0" DecreaseBy="1"/>
<Item Name="The Small Hippo" Weight="1" RemoveOn="0" DecreaseBy="1"/>
<Item Name="The Small Raven" Weight="1" RemoveOn="0" DecreaseBy="1"/>
<Item Name="The Small Toy" Weight="1" RemoveOn="0" DecreaseBy="1"/>
<Item Name="Rank-Up-Magic Soul Shave Force" Weight="1" RemoveOn="0" DecreaseBy="1"/>
	</Pool>
	<Pool Name="greedAngel">
<Item Name="Rank-Up-Magic Quick Chaos" Weight="1" RemoveOn="0" DecreaseBy="1"/>
<Item Name="Rank-Up-Magic Skip Force" Weight="1" RemoveOn="0" DecreaseBy="1"/>
<Item Name="Rank-Up-Magic Death Double Force" Weight="1" RemoveOn="0" DecreaseBy="1"/>
<Item Name="Larval Therapy" Weight="1" RemoveOn="0" DecreaseBy="1"/>
<Item Name="Monolelium" Weight="1" RemoveOn="0" DecreaseBy="1"/>
<Item Name="Spice" Weight="1" RemoveOn="0" DecreaseBy="1"/>
<Item Name="Scroll For Chaos" Weight="1" RemoveOn="0" DecreaseBy="1"/>
<Item Name="League of Legends" Weight="1" RemoveOn="0" DecreaseBy="1"/>
<Item Name="Amazing Chaos Scroll" Weight="1" RemoveOn="0" DecreaseBy="1"/>
<Item Name="The Small Hippo" Weight="1" RemoveOn="0" DecreaseBy="1"/>
<Item Name="The Small Raven" Weight="1" RemoveOn="0" DecreaseBy="1"/>
<Item Name="The Small Toy" Weight="1" RemoveOn="0" DecreaseBy="1"/>
<Item Name="Rank-Up-Magic Soul Shave Force" Weight="1" RemoveOn="0" DecreaseBy="1"/>
	</Pool>
	<Pool Name="greedLibrary"/>
	<Pool Name="greedSecret"/>
	<Pool Name="greedGoldenChest">
<Item Name="Rank-Up-Magic Quick Chaos" Weight="1" RemoveOn="0" DecreaseBy="1"/>
<Item Name="Rank-Up-Magic Skip Force" Weight="1" RemoveOn="0" DecreaseBy="1"/>
<Item Name="Rank-Up-Magic Death Double Force" Weight="1" RemoveOn="0" DecreaseBy="1"/>
<Item Name="Larval Therapy" Weight="1" RemoveOn="0" DecreaseBy="1"/>
<Item Name="Monolelium" Weight="1" RemoveOn="0" DecreaseBy="1"/>
<Item Name="Spice" Weight="1" RemoveOn="0" DecreaseBy="1"/>
<Item Name="Scroll For Chaos" Weight="1" RemoveOn="0" DecreaseBy="1"/>
<Item Name="League of Legends" Weight="1" RemoveOn="0" DecreaseBy="1"/>
<Item Name="Amazing Chaos Scroll" Weight="1" RemoveOn="0" DecreaseBy="1"/>
<Item Name="The Small Hippo" Weight="1" RemoveOn="0" DecreaseBy="1"/>
<Item Name="The Small Raven" Weight="1" RemoveOn="0" DecreaseBy="1"/>
<Item Name="The Small Toy" Weight="1" RemoveOn="0" DecreaseBy="1"/>
<Item Name="Rank-Up-Magic Soul Shave Force" Weight="1" RemoveOn="0" DecreaseBy="1"/>
	</Pool>
	<Pool Name="bombBum"/>
</ItemPools>
