<backdrops gfxroot="gfx/backdrop/">
	<backdrop id="1" gfx="01_Basement.png" walls="1" wallvariants="3" floors="1" floorvariants="6" lfloorgfx="01_LBasementFloor.png" nfloorgfx="01_Basement_nfloor.png" />
	<backdrop id="2" gfx="02_Cellar.png" walls="2" wallvariants="2" floors="1" floorvariants="6" lfloorgfx="02_LCellarFloor.png" nfloorgfx="02_Cellar_nfloor.png" />
	<backdrop id="3" gfx="13_The Burning Basement.png" walls="2" wallvariants="2" floors="1" floorvariants="6" watergfx="water_fire.png" lfloorgfx="13_LThe Burning BasementFloor.png" nfloorgfx="13_The Burning Basement_nfloor.png" />
	<backdrop id="4" gfx="03_Caves.png" walls="2" wallvariants="3" floors="2" floorvariants="3" watergfx="water.png" lfloorgfx="03_LCavesFloor.png" nfloorgfx="03_Caves_nfloor.png" />
	<backdrop id="5" gfx="04_Catacombs.png" walls="2" wallvariants="2" floors="3" floorvariants="2" lfloorgfx="04_LCatacombsFloor.png" nfloorgfx="04_Catacombs_nfloor.png" />
	<backdrop id="6" gfx="14_The Drowned Caves.png" walls="2" wallvariants="3" floors="2" floorvariants="3" watergfx="water.png" lfloorgfx="14_LThe Drowned CavesFloor.png" nfloorgfx="14_The Drowned Caves_nfloor.png" />
	<backdrop id="7" gfx="05_Depths.png" walls="1" wallvariants="3" floors="1" floorvariants="6" lfloorgfx="05_LDepthsFloor.png" nfloorgfx="05_Depths_nfloor.png" />
	<backdrop id="8" gfx="06_Necropolis.png" walls="1" wallvariants="3" floors="1" floorvariants="6" lfloorgfx="06_LNecropolisFloor.png" nfloorgfx="06_Necropolis_nfloor.png" />
	<backdrop id="9" gfx="15_The Dank Depths.png" walls="1" wallvariants="5" floors="1" floorvariants="6" watergfx="water_dank.png" lfloorgfx="15_LThe Dank DepthsFloor.png" nfloorgfx="15_The Dank Depths_nfloor.png" />
	<backdrop id="10" gfx="07_The Womb.png" walls="1" wallvariants="3" floors="1" floorvariants="6" lfloorgfx="07_LThe WombFloor.png" nfloorgfx="07_The Womb_nfloor.png" />
	<backdrop id="11" gfx="08_Utero.png" walls="1" wallvariants="6" floors="1" floorvariants="6" lfloorgfx="08_LUteroFloor.png" nfloorgfx="08_Utero_nfloor.png" />
	<backdrop id="12" gfx="16_The Scarred Womb.png" walls="2" wallvariants="3" floors="1" floorvariants="6" watergfx="water_blood.png" lfloorgfx="16_LThe Scarred WombFloor.png" nfloorgfx="16_The Scarred Womb_nfloor.png" />
	<backdrop id="13" gfx="18_Blue Womb.png" walls="1" wallvariants="6" floors="1" floorvariants="6" />
	<backdrop id="14" gfx="09_Sheol.png" walls="1" wallvariants="3" floors="1" floorvariants="6" lfloorgfx="09_LSheolFloor.png" nfloorgfx="09_Sheol_nfloor.png" />
	<backdrop id="15" gfx="10_Cathedral.png" walls="1" wallvariants="3" floors="5" floorvariants="1" lfloorgfx="10_LCathedralFloor.png" nfloorgfx="10_Cathedral_nfloor.png" />
	<backdrop id="16" gfx="12_DarkRoom.png" walls="0" wallvariants="0" floors="1" floorvariants="4" lfloorgfx="12_LDarkRoomFloor.png" nfloorgfx="12_DarkRoom_nfloor.png" />
	<backdrop id="17" gfx="11_Chest.png" walls="1" wallvariants="4" floors="1" floorvariants="4" lfloorgfx="11_LChestFloor.png" nfloorgfx="11_Chest_nfloor.png" />
	<backdrop id="18" gfx="Mega_Satan_Land.anm2" walls="0" wallvariants="0" floors="1" floorvariants="4" />
	<backdrop id="19" gfx="0A_Library.png" walls="1" wallvariants="3" floors="1" floorvariants="6" nfloorgfx="0A_Library_nfloor.png" />
	<backdrop id="20" gfx="0B_Shop.png" walls="1" wallvariants="5" floors="1" floorvariants="6" nfloorgfx="0B_Shop_nfloor.png" />
	<backdrop id="21" gfx="0C_IsaacsRoom.png" walls="1" wallvariants="2" floors="1" floorvariants="6" />
	<backdrop id="22" gfx="0D_BarrenRoom.png" walls="1" wallvariants="2" floors="1" floorvariants="6" />
	<backdrop id="23" gfx="0F_SecretRoom.png" walls="1" wallvariants="3" floors="1" floorvariants="6" nfloorgfx="0F_SecretRoom_nfloor.png" />
	<backdrop id="24" gfx="0E_DiceRoom.png" walls="1" wallvariants="4" floors="1" floorvariants="6" nfloorgfx="0E_DiceRoom_nfloor.png" />
	<backdrop id="25" gfx="0E_Arcade.png" walls="1" wallvariants="4" floors="1" floorvariants="6" />
	<backdrop id="26" gfx="effect_error.anm2" walls="0" /> <!-- special handling -->
	<backdrop id="27" gfx="17_Blue Secret.png" walls="1" wallvariants="6" floors="1" floorvariants="6" />
	<backdrop id="28" gfx="0B_UltraGreedShop.png" walls="1" wallvariants="5" floors="1" floorvariants="6" />
</backdrops>
