<bosscolors version="0">
	<boss id="19" variant="0"><color idx="3" /><color idx="7" scale="1.15" hp="1.45"/></boss>
	<boss id="19" variant="1"><color idx="16" scale="1.15" hp="1.25" /><color idx="3" /><color idx="21" scale="1.15" hp="1.25"/></boss>
	<boss id="20" variant="0"><color idx="1" scale="0.75" hp="0.45"/><color idx="2" scale="1.15" hp="1.25"/></boss>
	<boss id="28" variant="0"><color idx="8" scale="1.15" hp="1.25"/><color idx="9" scale="0.85" hp="0.85"/></boss>
	<boss id="28" variant="2"><color idx="22" scale="1" hp="2"/></boss>
	<boss id="36" variant="0"><color idx="11" scale="1.11"/></boss>
	<boss id="43" variant="0"><color idx="14" scale="0.8"/></boss>
	<boss id="45" variant="0"><color idx="7" scale="1" hp="1.23"/><color idx="19" /></boss>
	<boss id="45" variant="10"><color idx="7" scale="1" hp="1.23"/><color idx="19" /></boss>
	<boss id="62" variant="1"><color idx="16" scale="1.15" hp="1.25"/></boss>
	<boss id="63" variant="0"><color idx="7" /></boss>
	<boss id="64" variant="0"><color idx="17" /></boss>
	<boss id="65" variant="0"><color idx="16" scale="1.15" hp="1.25"/></boss>
	<boss id="66" variant="0"><color idx="18" scale="1.15" hp="1.25"/></boss>
	<boss id="67" variant="0"><color idx="5" /><color idx="6" scale="1.15" hp="1.25"/></boss>
	<boss id="67" variant="1"><color idx="16" scale="1.15" hp="1.56"/><color idx="19" scale="0.75"/></boss>
	<boss id="68" variant="0"><color idx="12" scale="0.85"/><color idx="13" /></boss>
	<boss id="68" variant="1"><color idx="3" /></boss>
	<boss id="71" variant="0"><color idx="15" scale="1.15" hp="1.25"/></boss>
	<boss id="72" variant="0"><color idx="15" scale="1.15" hp="1.25"/></boss>
	<boss id="73" variant="0"><color idx="15" scale="1.15" hp="1.25"/></boss>
	<boss id="79" variant="0"><color idx="3" /><color idx="4" /></boss>
	<boss id="98" variant="0"><color idx="18" scale="1.15" hp="1.25" /></boss>
	<boss id="99" variant="0"><color idx="21" scale="1.15" hp="1.25"/><color idx="7" scale="0.58" hp="0.55" /></boss>
	<boss id="100" variant="0"><color idx="18" /><color idx="20" /></boss>
	<boss id="237" variant="1"><color idx="12" /><color idx="18" /></boss><!-- Gurgling: Yellow, Black -->
	<boss id="260" variant="0"><color idx="18" /><color idx="20" hp="0.5" /></boss><!-- Haunt: Black, Pink -->
	<boss id="261" variant="0"><color idx="1" /><color idx="18" /></boss><!-- Dingle: Red, Black -->
	<boss id="262" variant="0"><color idx="1" /><color idx="18" /></boss><!-- Mega Maw: Red, Black -->
	<boss id="263" variant="0"><color idx="1" /><color idx="18" hp="1.25" /></boss><!-- Gate: Red, Black -->
	<boss id="264" variant="0"><color idx="1" scale="0.67" hp="0.9"/><color idx="23" hp="1.15" /></boss><!-- Mega Fatty: Red, Brown -->
	<boss id="265" variant="0"><color idx="3" /><color idx="20" hp="0.5" /></boss><!-- Cage: Green, Pink -->
	<boss id="269" variant="0"><color idx="1" /><color idx="20" hp="0.5" /></boss><!-- Polycephalus: Red, Pink -->
	<boss id="404" variant="0"><color idx="18" /><color idx="6" /></boss><!-- Lil Horn: Black, Orange -->
	<boss id="405" variant="0"><color idx="1" /><color idx="18" /></boss><!-- Rag Man: Red, Black -->
	<boss id="62" variant="2"><color idx="18" hp="1.3"/></boss><!-- Frail: Black -->
	<boss id="402" variant="0"><color idx="18"/></boss><!-- Brownie: Black -->
    <boss id="401" variant="0"><color idx="2"/></boss><!-- Stain: Pale -->
    <boss id="403" variant="0"><color idx="18"/></boss><!-- Forsaken: Black -->
</bosscolors>
