<items gfxroot="gfx/items/" version="1">
	<active cache="damage" description="Werry: Limit Breaker" gfx="Collectibles_001_TheSadOnion.png" id="1" name="Werry: Limit Breaker" />
	<passive cache="firedelay" description="Triple shot" gfx="Collectibles_002_TheInnerEye.png" id="2" name="The Inner Eye" />
	<passive cache="speed tearcolor tearflag" description="Homing shots" devilprice="1" gfx="Collectibles_003_SpoonBender.png" id="3" name="Spoon Bender" />
	<passive cache="damage shotspeed" description="DMG up" devilprice="1" gfx="Collectibles_004_CricketsHead.png" id="4" name="Cricket's Head" />
	<active cache="damage" description="Power Bond" gfx="Collectibles_005_MyReflection.png" id="5" special="true" name="Power Bond" />
	<active cache="damage" description="Limiter Removal" gfx="Collectibles_006_NumberOne.png" id="6" name="Limiter Removal" />
	<passive cache="damage" description="DMG up" gfx="Collectibles_007_BloodOfTheMartyr.png" id="7" name="Blood of the Martyr" />
	<familiar description="Friends 'till the end" gfx="Collectibles_008_BrotherBobby.png" id="8" name="Brother Bobby" />
	<passive description="Absolute Inzektor" devilprice="2" gfx="Collectibles_009_Skatole.png" id="9" special="false" name="Absolute Inzektor" />
	<familiar description="Projectile protection " gfx="Collectibles_010_HaloOfFlies.png" id="10" name="Halo of Flies" />
	<familiar description="Extra life" gfx="Collectibles_011_1Up.png" id="11" name="1up!" />
	<passive cache="damage range speed" description="All stats up!" devilprice="2" gfx="Collectibles_012_MagicMushroom.png" hearts="100" id="12" maxhearts="2" name="Magic Mushroom" />
	<passive description="Poison touch" gfx="Collectibles_013_TheVirus.png" id="13" name="The Virus" />
	<passive cache="range speed" description="Speed and range up" gfx="Collectibles_014_RoidRage.png" id="14" name="Roid Rage" />
	<passive description="HP up" gfx="Collectibles_015_Heart.png" soulhearts="4" coins="2" bombs="2" keys="2" id="15" name="God Heart" />
	<passive description="HP up" gfx="Collectibles_016_RawLiver.png" blackhearts="4" coins="2" bombs="2" keys="2" id="16" name="Nightmare Heart" />
	<passive description="99 keys" devilprice="1" gfx="Collectibles_017_SkeletonKey.png" id="17" keys="30" special="false" name="Skeleton Key" />
	<passive coins="99" description="$$$" devilprice="2" gfx="Collectibles_018_ADollar.png" id="18" special="true" name="A Dollar" />
	<active description="Restock Machine" gfx="Collectibles_019_Boom.png" id="19" name="Restock Machine" />
	<active achievement="8" description="Chaos Card" gfx="Collectibles_020_Transcendence.png" id="20" name="Chaos Card" />
	<active cache="damage luck" description="Symbol Of Babylonia" devilprice="2" gfx="Collectibles_021_TheCompass.png" id="21" maxcharges="0" name="Symbol Of Babylonia" />
	<passive cache="damage" description="Ecstatic State Of 5 Senses" devilprice="2" gfx="Collectibles_022_Lunch.png" id="22" coins="15" name="Venus's Breath" />
	<passive cache="damage luck" description="Ecstatic State Of 5 Senses" devilprice="2" gfx="Collectibles_023_Dinner.png" id="23" coins="15" name="Scent Of Glitter" />
	<passive cache="range speed damage" description="Ecstatic State Of 5 Senses" devilprice="2" gfx="Collectibles_024_Dessert.png" id="24" coins="15" name="Memory Of Water" />
	<passive cache="damage speed" description="Drrrrrr..." gfx="Collectibles_025_Breakfast.png" coins="15" id="25" name="Millstone" />
	<active cache="damage range speed" description="Fars's Golden Goblet" devilprice="2" gfx="Collectibles_026_RottenMeat.png" id="26" maxcharges="0" name="Fars's Golden Goblet" />
	<passive description="Speed up" gfx="Collectibles_027_WoodenSpoon.png" id="27" soulhearts="6" cache="damage tearflag" name="Apathetic Princess Bracelet" />
	<passive description="Speed up" gfx="Collectibles_028_TheBelt.png" id="28" cache="firedelay tearflag damage" soulhearts="6" name="Cold Princess Necklace" />
	<passive cache="tearflag damage" description="Solium Fons" gfx="Collectibles_029_MomsUnderwear.png" id="29" devilprice="1" name="Solium Fons" />
	<passive cache="tearflag damage" description="Tenebrae Nns" gfx="Collectibles_030_MomsHeels.png" id="30" special="true" devilprice="2" name="Tenebrae Nus" />
	<passive cache="tearflag damage" description="Lumen Basilium" gfx="Collectibles_031_MomsLipstick.png" id="31" special="true" devilprice="2" name="Lumen Basilium" />
	<passive achievement="139" description="Tears up" gfx="Collectibles_032_WireCoatHanger.png" id="32" cache="tearflag damage" soulhearts="12" name="Cold Princess Ring" />
	<active cache="flying" description="Temporary flight" gfx="Collectibles_033_TheBible.png" id="33" maxcharges="6" name="The Bible" />
	<active cache="tearflag damage" description="Temporary DMG up" gfx="Collectibles_034_TheBookOfBelial.png" id="34" maxcharges="2" name="The Book of Belial" />
	<active achievement="36" description="Mass room damage" gfx="Collectibles_035_TheNecronomicon.png" id="35" maxcharges="4" name="The Necronomicon" />
	<active description="Plop!" gfx="Collectibles_036_ThePoop.png" id="36" maxcharges="1" name="The Poop" />
	<active description="Reusable bomb buddy" gfx="Collectibles_037_MrBoom.png" id="37" maxcharges="2" name="Mr. Boom" />
	<active description="Reusable tear burst" gfx="Collectibles_038_TammysHead.png" id="38" maxcharges="1" name="Tammy's Head" />
	<active cooldown="220" description="Mass fear" gfx="Collectibles_039_MomsBra.png" id="39" maxcharges="3" name="Mom's Bra" />
	<active cooldown="30" description="Become the bomb!" gfx="Collectibles_040_Kamikaze.png" id="40" maxcharges="0" name="Kamikaze!" />
	<active cooldown="180" description="Gross..." gfx="Collectibles_041_MomsPad.png" id="41" maxcharges="3" name="Mom's Pad" />
	<active description="Reusable ranged bomb" gfx="Collectibles_042_BobsRottenHead.png" id="42" maxcharges="3" name="Bob's Rotten Head" />
	
	<active cooldown="30" description="Teleport!" gfx="Collectibles_044_Teleport.png" id="44" maxcharges="2" name="Teleport!" />
	<active description="Reusable regeneration" gfx="Collectibles_045_YumHeart.png" id="45" maxcharges="4" name="Yum Heart" />
	<passive cache="luck" description="Luck up" gfx="Collectibles_046_LuckyFoot.png" id="46" name="Lucky Foot" />
	<active description="Reusable air strike" gfx="Collectibles_047_DoctorsRemote.png" id="47" maxcharges="2" name="Doctor's Remote" />
	<passive cache="tearflag" description="Piercing shots" devilprice="2" gfx="Collectibles_048_CupidsArrow.png" id="48" name="Cupid's Arrow" />
	<active description="BLLLARRRRGGG!" gfx="Collectibles_049_ShoopDaWhoop.png" id="49" maxcharges="2" name="Shoop da Whoop!" />
	<passive cache="damage" description="DMG up" gfx="Collectibles_050_Steven.png" id="50" name="Steven" />
	<passive cache="damage" description="DMG up" gfx="Collectibles_051_Pentagram.png" id="51" name="Pentagram" />
	<passive achievement="11" cache="all" description="Absolute Explosion" devilprice="2" gfx="Collectibles_052_DrFetus.png" id="52" name="Absolute Explosion" special="false" />
	<passive description="Item snatcher" gfx="Collectibles_053_Magneto.png" id="53" name="Magneto" />
	<active cache="damage" description="Rosetta Stone" devilprice="2" gfx="Collectibles_054_TreasureMap.png" id="54" maxcharges="0" name="Rosetta Stone" />
	<passive description="Eye in the back of your head" gfx="Collectibles_055_MomsEye.png" id="55" name="Mom's Eye" />
	<active description="Oops..." gfx="Collectibles_056_LemonMishap.png" id="56" maxcharges="0" cache="damage" name="Crux Of Victoria" />
	<familiar description="Attack fly" gfx="Collectibles_057_DistantAdmiration.png" id="57" name="Distant Admiration" />
	<active cooldown="300" description="Temporary invincibility" devilprice="2" gfx="Collectibles_058_BookOfShadows.png" id="58" special="false" maxcharges="6" name="Book of Shadows" />
	
	<passive cache="tearflag" description="Building bridges" gfx="Collectibles_060_TheLadder.png" id="60" name="The Ladder" />
	
	<passive description="Kills heal" gfx="Collectibles_062_CharmOfTheVampire.png" id="62" name="Charm of the Vampire" />
	<passive description="Stores energy" gfx="Collectibles_063_TheBattery.png" id="63" name="The Battery" />
	<passive description="50% off" devilprice="2" gfx="Collectibles_064_SteamSale.png" id="64" special="true" name="Steam Sale" />
	<active cooldown="35" description="Summon bombs" gfx="Collectibles_065_AnarchistCookbook.png" id="65" maxcharges="3" name="Anarchist Cookbook" />
	<active cache="speed" cooldown="180" description="Temporary enemy slowdown" gfx="Collectibles_066_TheHourglass.png" id="66" maxcharges="4" name="The Hourglass" />
	<familiar description="Friends 'till the end" gfx="Collectibles_067_SisterMaggy.png" id="67" name="Sister Maggy" />
	<passive cache="all" description="Laser tears" devilprice="2" gfx="Collectibles_068_Technology.png" id="68" name="Technology" />
	<passive cache="all" description="Charge shots" devilprice="2" gfx="Collectibles_069_ChocolateMilk.png" id="69" special="true" name="Chocolate Milk" />
	<passive cache="damage speed" description="Speed + DMG up" gfx="Collectibles_070_GrowthHormones.png" id="70" name="Growth Hormones" />
	<passive cache="speed range" description="Speed + range up" gfx="Collectibles_071_MiniMushroom.png" id="71" name="Mini Mush" />
	<passive description="Faith up" gfx="Collectibles_072_Rosary.png" id="72" name="Rosary" soulhearts="6" />
	<familiar achievement="6" description="Gotta meat 'em all" gfx="Collectibles_073_CubeOfMeat.png" id="73" name="Cube of Meat" />
	<passive achievement="10" coins="25" description=" +25 coins" gfx="Collectibles_074_AQuarter.png" id="74" name="A Quarter" />
	<passive description="Absolute Spun" devilprice="2" gfx="Collectibles_075_PHD.png" id="75" name="Absolute Spun" />
	<passive description="I've seen everything" devilprice="2" gfx="Collectibles_076_XrayVision.png" id="76" name="X-Ray Vision" />
	<active cache="speed" cooldown="180" description="Temporary badass" gfx="Collectibles_077_MyLittleUnicorn.png" id="77" maxcharges="6" name="My Little Unicorn" />
	<active achievement="7" description="Reusable soul protection" gfx="Collectibles_078_BookOfRevelations.png" id="78" maxcharges="10" name="Book of Revelations" />
	<passive cache="damage speed" description="DMG up" devilprice="1" gfx="Collectibles_079_TheMark.png" id="79" name="The Mark" />
	<passive cache="damage firedelay" description="DMG + tears up" devilprice="1" gfx="Collectibles_080_ThePact.png" id="80" name="The Pact" />
	<familiar description="9 lives" gfx="Collectibles_081_DeadCat.png" id="81" name="Dead Cat" />
	<passive cache="flying speed" description="Demon wings" devilprice="2" gfx="Collectibles_082_LordOfThePit.png" blackhearts="12" id="82" name="Lord of the Pit" />
	<active achievement="9" cache="speed damage" description="Temporary demon form" devilprice="2" gfx="Collectibles_083_TheNail.png" id="83" maxcharges="10" name="The Nail" />
	<active description="Reusable level skip" gfx="Collectibles_084_WeNeedToGoDeeper.png" id="84" maxcharges="6" name="We Need To Go Deeper!" />
	<active description="Reusable card generator " gfx="Collectibles_085_DeckOfCards.png" id="85" maxcharges="6" name="Deck of Cards" />
	<active achievement="13" descfription="Summon Monstro" gfx="Collectibles_086_MonstrosTooth.png" id="86" maxcharges="3" name="Monstro's Tooth" />
	<passive achievement="15" description="Cross tears" gfx="Collectibles_087_LokisHorns.png" id="87" name="Loki's Horns" />
	<familiar achievement="14" description="DMG 30" gfx="Collectibles_088_LittleChubby.png" id="88" name="Little Chubby" />
	<passive cache="tearcolor tearflag" description="Slow effect" gfx="Collectibles_089_SpidersBite.png" id="89" name="Spider Bite" />
	<passive achievement="12" cache="tearcolor damage firedelay" description="DMG up" gfx="Collectibles_090_SmallRock.png" id="90" name="The Small Rock" />
	<passive description="See-through doors" gfx="Collectibles_091_SpelunkerHat.png" id="91" bombs="3" name="Spelunker Hat" />
	<passive achievement="19" description=" +2 hearts" gfx="Collectibles_092_SuperBandage.png" hearts="2" id="92" maxhearts="2" name="Super Bandage" soulhearts="4" />
	<active achievement="26" cooldown="200" description="Temporary Man-Pac" gfx="Collectibles_093_TheGameKid.png" id="93" maxcharges="6" name="The Gamekid" />
	<familiar achievement="21" description="Gives money" gfx="Collectibles_094_SackOfPennies.png" coins="10" id="94" name="Sack of Pennies" />
	<familiar description="Friends 'till the bbbbzzzt" gfx="Collectibles_095_RoboBaby.png" id="95" name="Robo-Baby" />
	<familiar achievement="25" description="Gives kisses" gfx="Collectibles_096_LittleChad.png" id="96" name="Little C.H.A.D." />
	<active achievement="22" description="Reusable item generator" gfx="Collectibles_097_BookOfSin.png" id="97" maxcharges="4" name="The Book of Sin" />
	<familiar achievement="20" description="Soul generator" devilprice="2" gfx="Collectibles_098_TheRelic.png" id="98" special="false" name="The Relic" />
	<familiar achievement="23" description="Sticky friend" gfx="Collectibles_099_LittleGish.png" id="99" name="Little Gish" />
	<familiar achievement="24" description="Psychic friend" gfx="Collectibles_100_LittleSteve.png" id="100" name="Little Steven" />
	<passive achievement="27" cache="damage firedelay range speed" description="All stats up" gfx="Collectibles_101_TheHalo.png" hearts="2" id="101" maxhearts="2" name="The Halo" />
	<active description="Reusable pill generator" gfx="Collectibles_102_MomsBottleOfPills.png" id="102" maxcharges="6" name="Mom's Bottle of Pills" />
	<passive cache="tearcolor tearflag" description="Poison damage" gfx="Collectibles_103_TheCommonCold.png" id="103" name="Plunger" />
	<passive achievement="31" cache="tearcolor tearflag" description="Split shot" devilprice="2" gfx="Collectibles_104_TheParasite.png" special="false" id="104" name="The Parasite" />
	<active achievement="29" description="Reroll your destiny " devilprice="2" gfx="Collectibles_105_Dice.png" id="105" maxcharges="6" name="The D6" special="false" />
	<passive achievement="28" bombs="10" description="Blast damage" gfx="Collectibles_106_MrMega.png" id="106" name="Mr. Mega" />
    <active cache="familiars" description="Cut and run" gfx="Collectibles_107_PinkingShears.png" id="107" maxcharges="6" name="The Pinking Shears" />
	<passive description="Damage resistance" gfx="Collectibles_108_TheWafer.png" id="108" name="The Wafer" />
	<passive cache="damage" description="$$$ = DMG" gfx="Collectibles_109_MoneyisPower.png" coins="15" id="109" name="Money = Power" />
	<passive achievement="35" cache="tearcolor tearflag" description="Freeze effect" gfx="Collectibles_110_MomsContacts.png" id="110" name="Mom's Contacts" />
	<active description="Toot on command" gfx="Collectibles_111_TheBean.png" id="111" maxcharges="1" name="The Bean" />
	<familiar achievement="45" description="Extra protection" gfx="Collectibles_112_GuardianAngel.png" id="112" name="Guardian Angel" />
	<familiar achievement="47" description="Auto-turret friend" gfx="Collectibles_113_DemonBaby.png" id="113" name="Demon Baby" />
	<passive achievement="43" cache="all" description="Stab stab stab" devilprice="2" gfx="Collectibles_114_MomsKnife.png" id="114" maxcharges="0" name="Mom's Knife" special="false" />
	<passive cache="tearflag tearcolor" description="2.0" gfx="Collectibles_115_OuijaBoard.png" coins="99" id="115" name="Heroes of the Storm" />
	<passive description="Quicker charge" gfx="Collectibles_116_9Volt.png" id="116" name="9 Volt" />
	<passive cache="familiars" description="DMG 25" gfx="Collectibles_117_DeadBird.png" id="117" name="Dead Bird" />
	<passive cache="all" description="Blood laser barrage" devilprice="2" gfx="Collectibles_118_Brimstone.png" id="118" name="Brimstone" special="false" />
	<passive achievement="147" description="Apocalypse" gfx="Collectibles_119_BloodBag.png" hearts="10" id="119" devilprice="2" special="true" name="Absolute Guppy" />
	<passive cache="damage firedelay speed" description="Fire rate up" gfx="Collectibles_120_OddMushroomThin.png" id="120" name="Odd Mushroom" />
	<passive cache="damage speed range" description="DMG up" gfx="Collectibles_121_OddMushroomLarge.png" id="121" maxhearts="2" name="Odd Mushroom" />
	<passive cache="flying damage speed" description="Curse up" gfx="Collectibles_122_WhoreOFBabylon.png" id="122" name="Whore of Babylon" />
	<active description="Temporary buddy generator" gfx="Collectibles_123_MonsterManual.png" id="123" maxcharges="3" name="Monster Manual" />
	<active description="It's a mystery" gfx="Collectibles_124_DeadSeaScrolls.png" id="124" maxcharges="2" name="Dead Sea Scrolls" />
	<passive bombs="5" description="Homing bombs" gfx="Collectibles_125_BobbyBomb.png" id="125" name="Bobby-Bomb" />
	<active cache="damage" description="Feel my pain" gfx="Collectibles_126_RazorBlade.png" id="126" maxcharges="0" achievement="0" name="Razor Blade" />
	<active achievement="48" description="I don't remember..." devilprice="2" gfx="Collectibles_127_ForgetMeNow.png" id="127" maxcharges="1" name="Time Traveler's Silver Watch" />
	<familiar description="Attack fly" gfx="Collectibles_128_ForeverAlone.png" id="128" name="Forever alone" />
	<passive description="Absolute Gravity" gfx="Collectibles_129_BucketofLard.png" id="129" name="Absolute Gravity" />
	<active cache="flying speed" description="Flight + dash attack" gfx="Collectibles_130_APony.png" id="130" maxcharges="4" name="A Pony" />
	<familiar achievement="46" description="Gives bombs" gfx="Collectibles_131_BombBag.png" id="131" name="Bomb Bag" />
	<passive cache="damage tearflag tearcolor" description="My Xmas present" gfx="Collectibles_132_ALumpOfCoal.png" id="132" name="A Lump of Coal" />
	<active description="Soul converter" gfx="Collectibles_133_GuppysPaw.png" id="133" maxcharges="6" name="Guppy's Paw" />
	<passive description="Cursed?" devilprice="2" gfx="Collectibles_134_GuppysTail.png" id="134" coins="25" keys="-99" name="Guppy's Tail" />
	<active cooldown="15" description="Portable blood bank" gfx="Collectibles_135_IVBag.png" id="135" maxcharges="1" name="IV Bag" />
	<active description="Friends 'till the end" gfx="Collectibles_136_BestFriend.png" id="136" maxcharges="3" name="Best Friend" />
	<active bombs="5" cooldown="2" description="Remote bomb detonation" gfx="Collectibles_137_RemoteDetonator.png" id="137" maxcharges="0" name="Remote Detonator" />
	<passive cache="damage" description="DMG" gfx="Collectibles_138_Stigmata.png" id="138" name="Stigmata" />
	<passive description="More trinket room" gfx="Collectibles_139_MomsPurse.png" id="139" name="Mom's Purse" />
	<passive bombs="5" description=" +5 poison bombs" gfx="Collectibles_140_BobsCurse.png" id="140" name="Bob's Curse" />
	<passive description="Ultimate grand supreme" gfx="Collectibles_141_PageantBoy.png" id="141" coins="8" name="Pageant Boy" />
	<passive description="You have been blessed" gfx="Collectibles_142_Scapular.png" id="142" name="Scapular" />
	<passive cache="speed shotspeed" description="Speed + shot speed up" gfx="Collectibles_143_Speedball.png" id="143" name="Speed Ball" />
	<familiar description="He's greedy" gfx="Collectibles_144_BumFriend.png" id="144" coins="99" keys="-99" bombs="-99" name="Bum Friend" />
	<active description="Reusable fly hive" gfx="Collectibles_145_GuppysHead.png" id="145" maxcharges="1" name="Guppy's Head" />
	<active description="Reusable eternity " gfx="Collectibles_146_PrayerCard.png" id="146" maxcharges="6" name="Prayer Card" />
	<active description="Rocks don't stand a chance" gfx="Collectibles_147_NotchedAxe.png" id="147" maxcharges="3" name="Notched Axe" />
	<active cache="tearflag" description="Chemical Peel 2" gfx="Collectibles_148_Infestation.png" id="148" special="false" name="Chemical Peel 2" />
	<passive achievement="140" cache="all" description="Explosive shots" gfx="Collectibles_149_Ipecac.png" id="149" name="Ipecac" />
	<passive description="Tooth shot" devilprice="2" gfx="Collectibles_150_ToughLove.png" id="150" special="false" name="Tough Love" />
	<passive cache="tearflag" description="They grow inside" devilprice="1" gfx="Collectibles_151_TheMulligan.png" id="151" name="The Mulligan" />
	<passive cache="weapon damage" description="Laser" gfx="Collectibles_152_Technology2.png" id="152" name="Technology 2" />
	<passive cache="firedelay" description="Quad shot" devilprice="2" gfx="Collectibles_153_MutantSpider.png" id="153" name="Mutant Spider" special="false" />
	<passive cache="damage" description="DMG up" gfx="Collectibles_154_ChemicalPeel.png" id="154" name="Chemical Peel" />
	<familiar description="DMG 20" gfx="Collectibles_155_ThePeeper.png" id="155" name="The Peeper" />
	<passive description="Item martyr" gfx="Collectibles_156_Habit.png" id="156" name="Habit" />
	<passive achievement="54" cache="damage" description="RAGE!" devilprice="2" gfx="Collectibles_157_BloodyLust.png" id="157" special="true" name="Bloody Lust" />
	<active description="I see my future" gfx="Collectibles_158_CrystalBall.png" id="158" maxcharges="6" name="Crystal Ball" />
	<passive cache="flying tearflag tearcolor" description="Scary" devilprice="2" gfx="Collectibles_159_SpiritOfTheNight.png" id="159" name="Spirit of the Night" />
	<active cooldown="90" description="Holy white death" gfx="Collectibles_160_CrackTheSky.png" id="160" maxcharges="4" name="Crack the Sky" />
	<passive description="Eternal life?" gfx="Collectibles_161_Ankh.png" id="161" name="Ankh" />
	<passive achievement="50" cooldown="200" description="You feel blessed" gfx="Collectibles_162_CelticCross.png" id="162" name="Celtic Cross" />
	<familiar description="Spectral buddy" gfx="Collectibles_163_GhostBaby.png" id="163" name="Ghost Baby" />
	<active achievement="59" description="Reusable flames" gfx="Collectibles_164_BlueCandle.png" id="164" maxcharges="110" name="The Candle" />
	<passive cache="shotspeed damage" description="Shot speed + damage up" gfx="Collectibles_165_CatONineTails.png" id="165" name="Cat-o-nine-tails" />
	<active achievement="49" description="Reroll the basics " gfx="Collectibles_166_D20.png" id="166" maxcharges="12" name="D20" />
	<familiar description="Double shot buddy" gfx="Collectibles_167_HarlequinBaby.png" id="167" name="Harlequin Baby" />
	<passive achievement="62" cache="all" description="On-demand air strike" devilprice="2" gfx="Collectibles_168_EpicFetus.png" id="168" name="Epic Fetus" special="false" />
	<passive cache="damage firedelay tearflag" description="Mega tears" devilprice="2" gfx="Collectibles_169_Polyphemus.png" id="169" name="Polyphemus" special="true" />
	<familiar description="DMG 50 x 2" gfx="Collectibles_170_DaddyLonglegs.png" id="170" name="Daddy Longlegs" />
	<active cooldown="120" description="Mass enemy slowdown + damage" gfx="Collectibles_171_SpiderButt.png" id="171" maxcharges="0" name="Ring Of Ethereal Form" />
	<familiar achievement="53" description="My fate protects me" gfx="Collectibles_172_SacrificialDagger.png" id="172" special="true" devilprice="2" name="Sacrificial Dagger" />
	<passive description="Absolute Seraphim" gfx="Collectibles_173_Mitre.png" id="173" name="Absolute Seraphim" />
	<familiar description="Random buddy" gfx="Collectibles_174_RainbowBaby.png" id="174" name="Rainbow Baby" />
	<active achievement="58" description="Opens all doors..." gfx="Collectibles_175_DadsKey.png" id="175" maxcharges="0" name="Dad's Key" />
  <passive cache="damage" description="Dove's Book" gfx="Collectibles_176_StemCells.png" id="176" name="Dove's Book" />
	<active cooldown="30" description="Gamble 24/7" gfx="Collectibles_177_PortableSlot.png" id="177" maxcharges="0" name="Portable Slot" />
	<familiar description="Splash!" gfx="Collectibles_178_HolyWater.png" id="178" name="Holy Water" />
	<passive achievement="113" cache="flying" description="Flight eternal" gfx="Collectibles_179_Fate.png" id="179" soulhearts="12" name="Fate" />
	<passive description="Toot on touch" gfx="Collectibles_180_BlackBean.png" id="180" name="The Black Bean" />
	<active cache="flying speed" description="Flight + holy death" gfx="Collectibles_181_WhitePony.png" id="181" maxcharges="4" name="White Pony" />
	<passive cache="damage firedelay range shotspeed tearcolor tearflag" description="Homing shots + DMG up" devilprice="2" gfx="Collectibles_182_SacredHeart.png" id="182" name="Sacred Heart" special="true" />
	<passive cache="shotspeed firedelay" description="Tears + shot speed up" gfx="Collectibles_183_ToothPicks.png" id="183" name="Tooth Picks" />
	<passive cache="flying" description="Flight + HP up" gfx="Collectibles_184_HolyGrail.png" hearts="2" id="184" maxhearts="2" name="Holy Grail" />
	<passive cache="flying tearflag tearcolor" description="Flight + spectral tears" gfx="Collectibles_185_DeadDove.png" id="185" name="Dead Dove" />
	<active achievement="56" description="Mass enemy damage at a cost" gfx="Collectibles_186_BloodRights.png" id="186" maxcharges="0" name="Blood Rights" />
	<familiar achievement="65" description="Swing it" devilprice="2" gfx="Collectibles_187_GuppysHairball.png" id="187" name="Guppy's Hairball" />
	<familiar achievement="51" description="Mirrored buddy" gfx="Collectibles_188_Abel.png" id="188" name="Abel" />
	<passive achievement="63" cache="firedelay damage speed range" description="All stats up" gfx="Collectibles_189_SMBSuperFan.png" hearts="99" id="189" maxhearts="2" name="SMB Super Fan" />
	<passive bombs="99" description="99 bombs" devilprice="1" gfx="Collectibles_190_Pyro.png" id="190" bombs="30" special="false" name="Pyro" />
	<passive description="Rainbow tears" gfx="Collectibles_191_3DollarBill.png" id="191" name="3 Dollar Bill" />
	<active cache="tearflag tearcolor" description="Temporary psychic shot" gfx="Collectibles_192_TelepathyForDummies.png" id="192" maxcharges="2" name="Telepathy For Dummies" />
	<passive cache="damage" description="DMG" gfx="Collectibles_193_Meat.png" id="193" name="MEAT!" />
	<passive cache="shotspeed" description="Shot speed up" gfx="Collectibles_194_Magic8Ball.png" id="194" name="Magic 8 Ball" />
	<passive description="What's all this...?" gfx="Collectibles_195_MomsCoinPurse.png" id="195" name="Mom's Coin Purse" />
	<passive cache="firedelay" description="Tears up" gfx="Collectibles_196_Squeezy.png" id="196" name="Squeezy" />
	<passive cache="damage range" description="Damage + range up" gfx="Collectibles_197_JesusJuice.png" id="197" name="Jesus Juice" />
	<passive description="Stuff" gfx="Collectibles_198_Box.png" id="198" name="Box" />
	
	<passive description="Less is now more +2 keys" gfx="collectibles_199_momskey.png" id="199" keys="2" name="Mom's Key" />
	<passive cache="tearcolor" description="Charm tears" gfx="collectibles_200_momseyeshadow.png" id="200" name="Mom's Eyeshadow" />
	<passive cache="damage" description="Concussive tears" gfx="collectibles_201_ironbar.png" id="201" name="Iron Bar" />
	<passive description="Golden touch" gfx="collectibles_202_midastouch.png" id="202" name="Midas' Touch" />
	<passive description="1+1 free 4Evar" devilprice="2" gfx="collectibles_203_humblingbundle.png" id="203" special="true" name="Humbleing Bundle" />
	<passive description="Filled with goodies" gfx="collectibles_204_fannypack.png" id="204" name="Fanny Pack" />
	<passive description="Charge with blood" gfx="collectibles_205_sharpplug.png" id="205" name="Sharp Plug" />
	<familiar achievement="107" cache="damage firedelay" description="An out-of-body experience" gfx="collectibles_206_guillotine.png" id="206" name="Guillotine" />
	<familiar achievement="6" description="Gotta lick 'em all!" gfx="collectibles_207_ballofbandages.png" id="207" name="Ball of Bandages" />
	<passive cache="damage" description="DMG + Challenge up" gfx="collectibles_208_championbelt.png" id="208" name="Champion Belt" />
	<passive bombs="5" description="Toxic blast +5 bombs" gfx="collectibles_209_buttbombs.png" id="209" name="Butt Bombs" />
	<passive description="Unbreakable" devilprice="2" gfx="Collectibles_210_GnawedLeaf.png" id="210" special="false" name="Gnawed Leaf" />
	<passive description="Spider revenge" gfx="collectibles_211_spiderbaby.png" id="211" name="Spiderbaby" />
	<passive description="Eternal life?" devilprice="2" gfx="Collectibles_212_GuppysCollar.png" id="212" coins="15" name="Guppy's Collar" />
	<active cache="shotspeed damage" description="Shielded tears" devilprice="2" gfx="collectibles_213_lostcontact.png" id="213" special="false" maxcharges="0" name="Lost Contact" />
	<passive cache="range" description="Toxic blood" gfx="collectibles_214_anemic.png" id="214" name="Anemic" />
	<passive cache="damage" description="He accepts your offering" gfx="collectibles_215_goathead.png" id="215" name="Goat Head" />
	<passive blackhearts="6" cache="damage" description="Sin up" devilprice="2" gfx="Collectibles_216_CeremonialRobes.png" id="216" name="Ceremonial Robes" />
	<passive cache="firedelay" description="You feel itchy..." gfx="collectibles_217_momswig.png" hearts="2" id="217" name="Mom's Wig" />
	<passive description="Regeneration + HP up" gfx="collectibles_218_placenta.png" hearts="2" id="218" maxhearts="2" name="Placenta" />
	<passive description="HP up" gfx="collectibles_219_oldbandage.png" id="219" maxhearts="2" name="Old Bandage" />
	<passive bombs="5" description="Tear blasts +5 bombs" gfx="collectibles_220_sadbombs.png" id="220" name="Sad Bombs" />
	<active achievement="150" cache="tearcolor tearflag luck" description="Bouncing tears" devilprice="2" gfx="collectibles_221_rubbercement.png" special="true" id="221" maxcharges="0" name="Rubber Cement" />
	<passive cache="firedelay tearflag" description="Anti-gravity tears + tears up" gfx="collectibles_222_antigravity.png" id="222" name="Anti-Gravity" />
	<passive bombs="5" description="It hurts so good +5 bombs" gfx="collectibles_223_pyromaniac.png" id="223" name="Pyromaniac" special="true" />
	<passive cache="firedelay range tearflag" description="Splash damage + tears up" devilprice="2" gfx="collectibles_224_cricketsbody.png" id="224" special="false" name="Cricket's Body" />
	<passive description="Sweet suffering" gfx="collectibles_225_gimpy.png" id="225" name="Gimpy" />
	<passive blackhearts="2" description="HP up x3" gfx="collectibles_226_blacklotus.png" hearts="2" id="226" maxhearts="2" name="Black Lotus" soulhearts="2" />
	<passive coins="3" description="My life savings" gfx="collectibles_227_piggybank.png" id="227" name="Piggy Bank" />
	<passive cache="firedelay tearcolor" description="Fear shot" gfx="collectibles_228_momsperfume.png" id="228" name="Mom's Perfume" />
	<passive cache="all" description="Charged attack" devilprice="2" gfx="collectibles_229_monstroslung.png" id="229" name="Monstro's Lung" />
	<passive achievement="128" cache="damage speed" description="Evil + DMG up + fear shot" devilprice="2" gfx="collectibles_230_abaddon.png" id="230" name="Abaddon" />
	<passive cache="tearcolor" description="Sticky feet..." gfx="collectibles_231_balloftar.png" id="231" name="Ball of Tar" />
	<passive achievement="138" cache="speed" description="Let's slow this down a bit..." gfx="collectibles_232_stopwatch.png" id="232" cooldown="180" name="Stop Watch" />
	<passive cache="all" description="Orbiting tears + range up" gfx="collectibles_233_tinyplanet.png" id="233" name="Tiny Planet" />
	<passive description="Infestation shot" devilprice="1" gfx="collectibles_234_infestation2.png" id="234" special="false" name="Infestation 2" />
	<passive description="Turdy touch" gfx="collectibles_236_ecoli.png" id="236" name="E. Coli" />
	<active achievement="103" cache="range shotspeed tearflag firedelay damage" description="Penetrative shot + DMG up" devilprice="2" gfx="collectibles_237_deathstouch.png" id="237" name="Death's Touch" />
	<familiar description="???" gfx="collectibles_238_keypiece1.png" keys="4" id="238" name="Key Piece 1" />
	<familiar description="???" gfx="collectibles_239_keypiece2.png" keys="4" id="239" name="Key Piece 2" />
	<passive achievement="141" cache="all" description="All stats up... then shuffled" gfx="collectibles_240_experimentaltreatment.png" id="240" name="Experimental Treatment" />
	<passive cache="damage" description="Refined Destructive Magic Stone Bracelet" gfx="collectibles_241_contractfrombelow.png" id="241" name="Refined Destructive Magic Stone Bracelet" />
	<passive description="Damage reduction" gfx="collectibles_242_infamy.png" id="242" name="Infamy" />
	<passive cache="weapon" description="You feel guarded " devilprice="2" gfx="collectibles_243_trinityshield.png" id="243" name="Trinity Shield" />
	<passive achievement="104" description="It's still being tested..." devilprice="2" gfx="collectibles_244_techpointfive.png" id="244" name="Tech.5" />
	<passive description="Double shot" devilprice="2" gfx="collectibles_245_2020.png" id="245" name="20/20" />
	<passive achievement="134" description="Secrets" gfx="collectibles_246_bluemap.png" id="246" bombs="3" name="Blue Map" />
	<passive description="Your friends rule" devilprice="2" gfx="collectibles_247_bffs.png" id="247" special="false" name="BFFS!" />
	<passive description="Giant spiders and flies" devilprice="2" gfx="collectibles_248_hivemind.png" id="248" special="false" name="Hive Mind" />
	<passive cache="damage luck" achievement="135" description="Refined Chaos Stone Necklace" coins="4" bombs="4" keys="4" gfx="collectibles_249_theresoptions.png" id="249" name="Refined Chaos Stone Necklace" />
	<passive description="1+1 BOOM!" gfx="collectibles_250_bogobombs.png" id="250" bombs="5" name="BOGO Bombs" />
	<passive description="Extra card room" gfx="collectibles_251_starterdeck.png" id="251" name="Starter Deck" />
	<passive achievement="146" description="Extra pill room" gfx="collectibles_252_littlebaggy.png" id="252" name="Little Baggy" />
	<passive cache="luck" description="Absolute Conjoined" devilprice="1" gfx="collectibles_253_magicscab.png" id="253" name="Absolute Conjoined" />
	<passive description="DMG + range up" gfx="collectibles_254_bloodclot.png" id="254" name="Blood Clot" />
	<passive cache="range speed damage" description="Tears + shot speed up" gfx="collectibles_255_screw.png" id="255" name="Refined Amnesia Stone Ring" />
	<passive bombs="5" description="Burning blast +5 bombs" gfx="collectibles_256_hotbombs.png" id="256" name="Hot Bombs" />
	<passive cache="tearflag" description="Flaming tears" gfx="collectibles_257_firemind.png" id="257" name="Fire Mind" />
	<passive achievement="105" cache="all" description="Syntax error" gfx="collectibles_258_missingno.png" id="258" name="Missing No." />
	<passive cache="damage" description="Fear shot" gfx="collectibles_259_darkmatter.png" id="259" name="Dark Matter" />
	<passive achievement="136" blackhearts="8" cache="damage" description="Curse immunity + evil up" gfx="collectibles_260_blackcandle.png" id="260" name="Black Candle" />
	<passive cache="tearflag damage" description="Short range mega tears" devilprice="2" gfx="collectibles_261_proptosis.png" id="261" special="true" name="Proptosis" />
	<passive blackhearts="2" cache="damage" description="Evil up. Your enemies will pay!" gfx="collectibles_262_missingpage2.png" id="262" name="Missing Page 2" />
	
	<familiar description="DMG 4" gfx="collectibles_264_smartfly.png" id="264" name="Smart Fly" />
	<familiar description="Immortal friend" gfx="collectibles_265_drybaby.png" id="265" name="Dry Baby" />
	<familiar description="Sticky babies" gfx="collectibles_266_juicysack.png" id="266" name="Juicy Sack" />
	<familiar achievement="102" description="We worked out all the kinks" gfx="collectibles_267_robobaby2.png" id="267" name="Robo-Baby 2.0" />
	<familiar description="Infested friend" devilprice="2" gfx="collectibles_268_rottenbaby.png" id="268" name="Rotten Baby" />
	<familiar description="Bloody friend" gfx="collectibles_269_headlessbaby.png" id="269" name="Headless Baby" />
	<familiar description="DMG 10" gfx="collectibles_270_leech.png" id="270" name="Leech" />
	<familiar achievement="124" description="?" gfx="collectibles_271_mysterysack.png" id="271" name="Mystery Sack" />
	<familiar description="Big Beautiful Fly" gfx="collectibles_272_bff.png" id="272" name="BBF" />
	<familiar description="Explosive thoughts" gfx="collectibles_273_bobsbrain.png" id="273" name="Bob's Brain" />
	<familiar description="Sworn protector" gfx="collectibles_274_bestbud.png" id="274" name="Best Bud" />
	<familiar description="Evil friend" devilprice="2" gfx="collectibles_275_lilbrimstone.png" id="275" name="Lil' Brimstone" />
	<familiar achievement="129" description="Protect it" gfx="collectibles_276_isaacsheart.png" id="276" name="Isaac's Heart" />
	<familiar description="DMG 20" gfx="collectibles_277_lilhaunt.png" id="277" name="Lil' Haunt" />
	<familiar description="He wants to take your life" gfx="collectibles_278_darkbum.png" id="278" name="Dark Bum" />
	<familiar description="Fat protector" gfx="collectibles_279_bigfan.png" id="279" name="Big Fan" />
	<familiar description="She loves you" gfx="collectibles_280_sissylonglegs.png" id="280" name="Sissy Longlegs" />
	<familiar description="Scape goat" gfx="collectibles_281_punchingbag.png" id="281" name="Punching Bag" />
	<active cooldown="14" description="It's time you learned how" gfx="collectibles_282_howtojump.png" id="282" maxcharges="0" name="How to Jump" />
	<active achievement="133" description="REEROLLLLL!" devilprice="2" gfx="collectibles_283_d100.png" id="283" maxcharges="6" name="D100" special="false" />
	<active description="Reroll into something else" gfx="collectibles_284_d4.png" id="284" maxcharges="6" name="D4" />
	<active description="Reroll enemies" gfx="collectibles_285_d10.png" id="285" maxcharges="1" name="D10" />
	<active achievement="121" description="Card mimic" gfx="collectibles_286_blankcard.png" id="286" devilprice="2" maxcharges="100" special="true" name="Blank Card" />
	<active achievement="122" description="???" gfx="collectibles_287_bookofsecrets.png" id="287" maxcharges="1" name="Book of Secrets" />
	<active description="Slow N Slow" gfx="collectibles_288_boxofspiders.png" id="288" maxcharges="0" name="Stop Watch 2" />
	<active achievement="137" description="Flame on" gfx="collectibles_289_redcandle.png" id="289" maxcharges="40" name="Red Candle" />
	<active description="Save your life" gfx="collectibles_290_thejar.png" id="290" maxcharges="0" name="The Jar" />
	<active description="..." gfx="collectibles_291_flush.png" id="291" maxcharges="6" name="Flush!" />
	<active achievement="126" description="Reusable evil" devilprice="2" gfx="collectibles_292_satanicbible.png" id="292" maxcharges="10" name="Satanic Bible" />
	<active achievement="143" description="Krampus rage" gfx="collectibles_293_headofkrampus.png" id="293" maxcharges="3" name="Head of Krampus" />
	<active achievement="145" description="Reusable knock-back" gfx="collectibles_294_butterbean.png" id="294" cache="damage" maxcharges="90" name="Rank-Up-Magic Cipher Ascension" />
	<active description="Pay to play" gfx="collectibles_295_magicfingers.png" id="295" maxcharges="0" name="Rank-Up-Magic Astral Force" />
	<active description="Convert your soul" gfx="collectibles_296_converter.png" id="296" maxcharges="0" name="Converter" />
	<active achievement="119" description="? ?" gfx="collectibles_297_bluebox.png" id="297" maxcharges="0" name="Pandora's Box" />
	<active cache="speed" cooldown="180" description="You feel stumped" gfx="collectibles_298_unicornstump.png" id="298" maxcharges="0" name="Rank-Up-Magic Raptor's Force" />
	<passive cache="speed" description="Speed down + rage is building" gfx="collectibles_299_taurus.png" id="299" name="Taurus" />
	<passive cache="speed" description="Ramming speed" gfx="collectibles_300_aries.png" id="300" name="Aries" />
	<passive description="HP up + you feel protected" gfx="collectibles_301_cancer.png" id="301" name="Cancer" soulhearts="6" />
	<passive description="Stompy" gfx="collectibles_302_leo.png" id="302" name="Leo" />
	<passive description="You feel refreshed and protected" gfx="collectibles_303_virgo.png" id="303" name="Virgo" />
	<passive bombs="6" cache="speed firedelay damage range" coins="6" description="You feel balanced" gfx="collectibles_304_libra.png" id="304" keys="6" name="Libra" />
	<passive cache="tearflag" description="Poison tears" gfx="collectibles_305_scorpio.png" id="305" name="Scorpio" />
	<passive cache="tearflag speed" description="Penetrative shot + speed up" gfx="collectibles_306_sagittarius.png" id="306" name="Sagittarius" />
	<passive bombs="1" cache="speed firedelay damage range" coins="1" description="All stats up" gfx="collectibles_307_capricorn.png" hearts="2" id="307" keys="1" maxhearts="2" name="Capricorn" />
	<passive description="Trail of tears" gfx="collectibles_308_aquarius.png" id="308" name="Aquarius" />
	<passive cache="firedelay tearflag" description="Tears up + knock-back shot" gfx="collectibles_309_pisces.png" id="309" name="Pisces" />
	<passive achievement="112" cache="shotspeed damage tearcolor firedelay" description="Shot speed down + DMG up" devilprice="2" gfx="collectibles_310_evesmascara.png" id="310" special="true" name="Eve's Mascara" />
	<passive achievement="108" cache="damage" description="Sweet revenge" devilprice="2" gfx="collectibles_311_judasshadow.png" id="311" special="true" name="Judas' Shadow" />
	<passive achievement="109" description="HP up + you feel healthy" gfx="collectibles_312_maggysbow.png" hearts="2" id="312" maxhearts="2" name="Maggy's Bow" />
	<passive description="Holy shield" devilprice="2" gfx="collectibles_313_holymantle.png" id="313" special="true" name="Holy Mantle" />
	<passive cache="speed" description="HP up + speed down + you feel stompy" gfx="collectibles_314_thunderthighs.png" hearts="2" id="314" maxhearts="2" name="Thunder Thighs" />
	<passive cache="tearflag" description="Magnetic tears" gfx="collectibles_315_strangeattractor.png" id="315" name="Strange Attractor" />
	<passive cache="all" description="Cursed charge shot" gfx="collectibles_316_cursedeye.png" id="316" name="Cursed Eye" />
	<passive cache="tearflag damage" description="Brionac" gfx="collectibles_317_mysteriousliquid.png" id="317" name="Brionac" />
	<familiar description="DMG 10" gfx="collectibles_318_gemini.png" id="318" name="Gemini" />
	<familiar achievement="110" description="Near-sighted friend" gfx="collectibles_319_cainseye.png" id="319" name="Cain's Other Eye" />
	<familiar achievement="114" description="Controlled friend" gfx="collectibles_320_bluebabysonlyfriend.png" id="320" name="???'s Only Friend" />
	<familiar achievement="115" description="The ol' ball and chain" gfx="collectibles_321_samsonschains.png" id="321" name="Samson's Chains" />
	<familiar description="Mongo friend" devilprice="2" gfx="collectibles_322_mongobaby.png" id="322" name="Mongo Baby" />
	<active achievement="106" description="Collected tears" gfx="collectibles_323_isaacstears.png" id="323" maxcharges="6" name="Isaac's Tears" />
	<active achievement="125" description="Undefined" devilprice="2" gfx="collectibles_324_Undefined.png" id="324" maxcharges="2" special="false" name="Undefined" />
	<passive achievement="30" description="Lose your head" gfx="collectibles_325_scissors.png" id="325" maxcharges="0" name="Silver Bullets" />
	<active cooldown="31" description="Invincibility at a cost" gfx="collectibles_326_breathoflife.png" id="326" maxcharges="6" name="Breath of Life" />
	<passive achievement="57" cooldown="75" description="Fate chosen" gfx="collectibles_327_thepolaroid.png" id="327" name="The Polaroid" />
	<passive achievement="78" description="Fate chosen" gfx="collectibles_328_thenegative.png" id="328" name="The Negative" />
	<passive cache="all" description="Absolute Sulfer" devilprice="2" gfx="collectibles_329_theludovicotechnique.png" id="329" name="Absolute Sulfer" special="false" />
	<passive cache="firedelay damage tearcolor" description="DMG down + tears way up" gfx="collectibles_330_soymilk.png" id="330" name="Soy Milk" />
	<active achievement="156" cache="tearflag luck shotspeed firedelay range damage" description="God tears" devilprice="2" gfx="collectibles_331_godhead.png" id="331" name="Godhead" maxcharges="0" special="true" />
	<passive achievement="116" cache="" description="Eternal life?" gfx="collectibles_332_lazarusrags.png" id="332" name="Lazarus' Rags" />
	<passive achievement="130" cache="" description="I know all" gfx="collectibles_333_mind.png" id="333" bombs="3" name="The Mind" />
	<passive achievement="131" cache="" description="I feel all" gfx="collectibles_334_body.png" hearts="6" id="334" maxhearts="6" name="The Body" />
	<passive achievement="132" cache="" description="I am all" gfx="collectibles_335_soul.png" id="335" name="The Soul" soulhearts="6" />
	<passive cache="tearcolor tearflag range shotspeed" description="Toxic aura tears" gfx="collectibles_336_deadonion.png" id="336" name="Dead Onion" />
	<passive cache="" description="I think it's broken" gfx="collectibles_337_brokenwatch.png" id="337" name="Broken Watch" />
	<active description="It will never leave you" gfx="collectibles_338_boomerang.png" id="338" maxcharges="70" name="The Boomerang" />
	<active cache="tearflag luck" description="Spectrum Tear" gfx="collectibles_339_SafetyPin.png" maxcharges="0" devilprice="2" special="true" id="339" name="Spectrum Tear" />
	<passive cache="speed" description="Speed up + size down" gfx="collectibles_340_CaffeinePill.png" id="340" name="Caffeine Pill" />
	<passive cache="shotspeed firedelay" description="Tears + shot speed up" gfx="collectibles_341_TornPhoto.png" id="341" name="Torn Photo" />
	<passive cache="shotspeed firedelay" description="HP + tears up + shot speed down" gfx="collectibles_342_BlueCap.png" hearts="2" id="342" maxhearts="2" name="Blue Cap" />
	<passive cache="luck" description="Luck up" gfx="collectibles_343_LatchKey.png" id="343" name="Latch Key" soulhearts="2" />
	<passive blackhearts="2" cache="damage" description="Evil up" gfx="collectibles_344_MatchBook.png" id="344" name="Match Book" />
	<passive cache="damage range" description="DMG + range up" gfx="collectibles_345_Synthoil.png" id="345" name="Synthoil" />
	<passive description="Absolute Leviathan" gfx="collectibles_346_ASnack.png" id="346" special="true" name="Absolute Leviathan" />

	
	<active description="Double item vision" devilprice="2" gfx="Collectibles_347_Diplopia.png" id="347" maxcharges="0" special="false" name="Diplopia" />
	<active description="Pill mimic" gfx="Collectibles_348_Placebo.png" id="348" maxcharges="4" name="Placebo" />
	<active achievement="244" description="Flip a coin" gfx="Collectibles_349_WoodenNickel.png" id="349" maxcharges="1" name="Wooden Nickel" />
	<passive description="Mass poison" gfx="Collectibles_350_ToxicShock.png" id="350" name="Toxic Shock" />
	<active description="Giga fart!" gfx="Collectibles_351_MegaBean.png" id="351" maxcharges="3" name="Mega Bean" />
	<active description="Be gentle..." gfx="Collectibles_352_GlassCannon.png" id="352" maxcharges="150" name="Glass Cannon" />
	<passive bombs="5" description="Explosive blast!" gfx="Collectibles_353_BomberBoy.png" id="353" name="Bomber Boy" />
	<passive description="Don't swallow the prize!" gfx="Collectibles_354_CrackJacks.png" hearts="2" id="354" maxhearts="2" name="Crack Jacks" />
	<passive cache="luck range" description="Range + luck up" gfx="Collectibles_355_MomsPearls.png" id="355" name="Mom's Pearls" />
	<passive description="Double charge!" devilprice="2" gfx="Collectibles_356_CarBattery.png" id="356" special="false" name="Car Battery" />
	<active achievement="203" cache="familiars" description="Double your friends" gfx="Collectibles_357_PandorasBox.png" id="357" maxcharges="12" name="Box of Friends" />
	<passive cache="tearflag" description="Double wiz shot!" gfx="Collectibles_358_TheWiz.png" id="358" name="The Wiz" />
	<passive cache="damage tearflag" description="Stick it to 'em!" gfx="Collectibles_359_8InchNails.png" id="359" name="8 Inch Nails" />
	<familiar achievement="190" description="Dark friend" devilprice="2" gfx="Collectibles_360_Incubus.png" id="360" special="true" name="Incubus" />
	<familiar achievement="183" description="Your fate beside you" gfx="Collectibles_361_FatesReward.png" id="361" name="Fate's reward" />
	<familiar achievement="192" description="What's in the box?" gfx="Collectibles_362_LilChest.png" id="362" name="Lil Chest" />
	<familiar achievement="189" description="Protective friend" gfx="Collectibles_363_SwornProtector.png" id="363" name="Sworn Protector" />
	<familiar description="Friendly fly" gfx="Collectibles_364_FriendZone.png" id="364" name="Friend Zone" />
	<familiar description="Lost protector" gfx="Collectibles_365_LostFly.png" id="365" name="Lost Fly" />
	<passive bombs="5" description="We put bombs in your bombs!" gfx="Collectibles_366_ScatterBombs.png" id="366" name="Scatter Bombs" />
	<passive bombs="5" description="Egg sack bombs!" gfx="Collectibles_367_StickyBombs.png" id="367" name="Sticky Bombs" />
	<passive description="Intensifying tears" devilprice="2" gfx="Collectibles_368_Epiphora.png" id="368" name="Epiphora" />
	<passive cache="tearflag range" description="Transcendent tears" devilprice="2" gfx="Collectibles_369_Continuum.png" id="369" name="Continuum" />
	<passive cache="range firedelay" description="Range + tears up" gfx="Collectibles_370_MrDolly.png" id="370" name="Mr. Dolly" />
	<passive description="You feel cursed..." gfx="Collectibles_371_CurseOfTheTower.png" id="371" name="Curse of the tower" />
	<familiar description="Bbbzzzzzt! " gfx="Collectibles_372_ChargedBaby.png" id="372" name="Charged Baby" />
	<passive description="Accuracy brings power!" devilprice="1" gfx="Collectibles_373_DeadEye.png" id="373" name="Dead Eye" />
	<passive description="Holy shot!" cache="luck" gfx="Collectibles_374_HolyLight.png" id="374" special="false" devilprice="2" name="Holy Light" />
	<active description="Nice hat!" devilprice="2" gfx="Collectibles_375_HostHat.png" id="375" special="false" bombs="5" name="Host Hat" />
	<passive description="Never ending stores!" gfx="Collectibles_376_Restock.png" id="376" name="Restock" />
	<passive description="Spider love" gfx="Collectibles_377_BurstingSack.png" id="377" name="Bursting Sack" />
	<passive description="Uh oh..." gfx="Collectibles_378_NumberTwo.png" id="378" name="No. 2" />
	<passive cache="tearflag" description="Wide shot" gfx="Collectibles_379_PupulaDuplex.png" id="379" name="Pupula Duplex" />
	<passive coins="15" description="Money talks" gfx="Collectibles_380_PayToPlay.png" id="380" name="Pay To Play" />
	<passive achievement="188" cache="firedelay" description="Your future shines brighter" gfx="Collectibles_381_EdensBlessing.png" id="381" name="Eden's Blessing" />
	<active description="Gotta fetch 'em all!" gfx="Collectibles_382_FriendlyBall.png" id="382" maxcharges="3" name="Friendly Ball" />
	<active description="Remote tear detonation" gfx="Collectibles_383_TearDetonator.png" id="383" maxcharges="1" name="Tear Detonator" />
	<familiar description="A gurd of your own!" gfx="Collectibles_384_LilGurdy.png" id="384" name="Lil Gurdy" />
	<familiar description="Bumbo want coin!" gfx="Collectibles_385_Bumbo.png" id="385" name="Bumbo" />
	<active achievement="181" description="Rerolls rocks" gfx="Collectibles_386_D12.png" id="386" maxcharges="3" name="D12" />
	<familiar achievement="193" description="Peace be with you" gfx="Collectibles_387_Censer.png" id="387" name="Censer" />
	<familiar achievement="200" description="He wants your keys!" gfx="Collectibles_388_KeyBum.png" id="388" keys="5" name="Key Bum" />
	<familiar achievement="218" description="Rune generator" devilprice="2" gfx="Collectibles_389_RuneBag.png" id="389" special="true" name="Rune Bag" />
	<familiar description="Sworn friend" gfx="Collectibles_390_Seraphim.png" id="390" name="Seraphim" />
	<active achievement="182" description="Turn your enemy" gfx="Collectibles_391_Betrayal.png" id="391" name="Betrayal" />
	<passive achievement="202" description="The heavens will change you" gfx="Collectibles_392_Zodiac.png" id="392" name="Zodiac" />
	<passive achievement="220" description="The kiss of death" devilprice="2" gfx="Collectibles_393_SerpentsKiss.png" id="393" special="true" name="Serpent's Kiss" />
	<passive cache="firedelay range" description="Directed tears" gfx="Collectibles_394_Marked.png" id="394" name="Marked" />
	<passive cache="weapon" description="Laser ring tears" gfx="Collectibles_395_TechX.png" id="395" maxcharges="0" devilprice="2" special="false" name="Tech X" />
	<active description="Short cutter" gfx="Collectibles_396_VentricleRazor.png" id="396" name="Ventricle Razor" />
	<passive cache="firedelay tearflag range shotspeed" description="Controlled tears" gfx="Collectibles_397_TractorBeam.png" id="397" name="Tractor Beam" />
	<passive cache="tearcolor" description="Shrink shot!" gfx="Collectibles_398_GodsFlesh.png" id="398" name="God's Flesh" />
	<passive achievement="186" cache="tearcolor damage" description="Consume thy enemy!" devilprice="2" gfx="Collectibles_399_MawOfTheVoid.png" id="399" special="false" name="Maw Of The Void" />
	<passive description="Your destiny" gfx="Collectibles_400_SpearOfDestiny.png" id="400" name="Spear Of Destiny" />
	<active cache="tearflag tearcolor" description="Sticky bomb shot!" gfx="Collectibles_401_Explosivo.png" id="401" name="Explosivo" />
	<passive description="!!!" devilprice="2" special="true" gfx="Collectibles_402_Chaos.png" id="402" coins="-99" name="Chaos" />
	<familiar description="Mod buddy!" gfx="Collectibles_403_SpiderMod.png" id="403" name="Spider Mod" />
	<familiar achievement="179" description="He farts!" gfx="collectibles_404_fartbaby.png" id="404" name="Farting Baby" />
	<familiar achievement="201" description="Game breaking bug, right away!" gfx="Collectibles_405_GBBug.png" id="405" name="GB Bug" />
	<active achievement="231" description="Reroll stats" gfx="Collectibles_406_D8.png" id="406" maxcharges="4" name="D8" />
	<passive achievement="180" cache="damage firedelay speed range" description="Aura stat boost" devilprice="2" gfx="Collectibles_407_Purity.png" id="407" name="Purity" />
	<passive achievement="184" description="Call to the void" gfx="Collectibles_408_Athame.png" id="408" name="Athame" />
	<passive achievement="187" blackhearts="4" cache="flying" description="I reward an empty vessel" devilprice="2" special="false" gfx="Collectibles_409_EmptyVessel.png" id="409" name="Empty Vessel" />
	<passive achievement="194" description="Eye shot!" gfx="Collectibles_410_EvilEye.png" id="410" name="Evil Eye" />
	<passive achievement="198" cache="damage" description="Their blood brings rage!" devilprice="2" gfx="Collectibles_411_LustyBlood.png" id="411" name="Lusty Blood" />
	<passive achievement="219" description="Feed them hate" gfx="Collectibles_412_CambionConception.png" id="412" blackhearts="6" name="Cambion Conception" />
	<passive achievement="222" description="Feed them love" gfx="Collectibles_413_ImmaculateConception.png" soulhearts="6" id="413" name="Immaculate Conception" />
	<passive description="There are even more options!" gfx="Collectibles_414_MoreOptions.png" id="414" name="More Options" />
	<passive cache="damage shotspeed range" description="The untainted gain power" devilprice="2" gfx="Collectibles_415_CrownOfLight.png" id="415" name="Crown Of Light" special="true" soulhearts="4" />
	<passive achievement="238" description="More stuff to carry!" gfx="Collectibles_416_deeppockets.png" id="416" name="Deep Pockets" />
	<familiar achievement="221" description="Damage booster" gfx="Collectibles_417_Succubus.png" id="417" name="Succubus" />
	
	<passive description="Rainbow Effects!" gfx="Collectibles_418_FruitCake.png" id="418" name="Fruit Cake" />
	<active description="I-Teleport!" devilprice="2" gfx="Collectibles_419_Teleport20.png" id="419" maxcharges="6" special="true" name="Teleport 2.0" />
	<passive description="Spin the black circle!" gfx="Collectibles_420_BlackPowder.png" id="420" name="Black Powder" />
	<active description="Runtime Error!" gfx="Collectibles_421_KidneyBean.png" id="421" maxcharges="1" name="Runtime Error!" />
	<active description="Turn back time" gfx="Collectibles_422_GlowingHourGlass.png" id="422" maxcharges="2" name="Glowing Hour Glass" />
	<passive description="protect me from myself" gfx="Collectibles_423_CircleOfProtection.png" id="423" name="Circle of Protection" />
	<passive description="More sacks!" devilprice="2" gfx="Collectibles_424_SackHead.png" id="424" special="true" name="Sack Head" />
	<passive description="scared of the dark?" gfx="Collectibles_425_NightLight.png" id="425" name="Night Light" />
	<familiar description="follows my every move..." gfx="Collectibles_426_ObsessedFan.png" id="426" name="Obsessed Fan" />
	<active description="Booom!" gfx="Collectibles_427_MineCrafter.png" id="427" maxcharges="1" name="Mine Crafter" />
	<active cache="tearflag" description="RAINBOW SPUN" gfx="Collectibles_428_PJs.png" id="428" name="RAINBOW SPUN" />
	<active cache="tearflag" description="Penny Tears!" gfx="Collectibles_429_HeadOfTheKeeper.png" id="429" name="Head of the Keeper" />
	<familiar description="Turret Follower" gfx="Collectibles_430_PapaFly.png" id="430" name="Papa Fly" />
	<familiar description="ydduB Buddy" gfx="Collectibles_431_MultidimensionalBaby.png" id="431" name="Multidimensional Baby" />
	<passive bombs="5" description="Prize Bombs!" gfx="Collectibles_432_GlitterBombs.png" id="432" name="Glitter Bombs" />
	<passive achievement="195" description="Me! and my shaaaadow!" gfx="Collectibles_433_MyShadow.png" id="433" name="My Shadow" />
	<active description="gotta catch 'em all?" gfx="Collectibles_434_JarOfFlies.png" id="434" maxcharges="0" name="Jar of Flies" />
	<familiar description="4-way buddy!" gfx="Collectibles_435_LilLoki.png" id="435" name="Lil Loki" />
	<familiar cache="firedelay" description="dont cry over it..." devilprice="2" gfx="Collectibles_436_Milk.png" id="436" name="Milk!" />
	<active description="Reroll Rewards!" gfx="Collectibles_437_D7.png" id="437" maxcharges="3" name="D7" />
	<passive cache="firedelay" description="memory..." gfx="Collectibles_438_Binky.png" id="438" soulhearts="2" name="Binky" />
	<active cache="all" description="Whats inside?" gfx="Collectibles_439_MomsBox.png" id="439" maxcharges="4" name="Mom's Box" />
	<passive achievement="232" cache="range speed firedelay" description="Matt's Kidney Stone" gfx="Collectibles_440_KidneyStone.png" id="440" name="Kidney Stone" />
	<active achievement="276" description="Laser Breath" devilprice="2" gfx="collectibles_441_megasatansbreath.png" id="441" special="false" maxcharges="20" cache="damage tearflag speed" name="Mega Blast" />
	
	
	<passive achievement="290" cache="damage range firedelay shotspeed" description="Loss is power" devilprice="2" gfx="Collectibles_442_DarkPrincesCrown.png" id="442" name="Dark Princes Crown" />
	<passive cache="firedelay" description="Trick or treat?" devilprice="1" gfx="Collectibles_443_Apple.png" id="443" special="false" name="Apple!" />
	<passive description="Hes a bleeder!" gfx="Collectibles_444_LeadPencil.png" id="444" name="Lead Pencil" />
	<passive cache="damage speed" description="Bark at the moon!" gfx="Collectibles_445_DogTooth.png" bombs="1" id="445" name="Dog Tooth" />
	<passive description="Halitosis" gfx="Collectibles_446_DeadTooth.png" id="446" name="Dead Tooth" />
	<passive description="Crying makes me toot" gfx="Collectibles_447_LingerBean.png" id="447" name="Linger Bean" />
	<passive description="Blood and guts!" gfx="Collectibles_448_ShardOfGlass.png" id="448" name="Shard of Glass" />
	<active description="Super Rookie Lucky Boy" cache="luck" gfx="Collectibles_449_MetalPlate.png" id="449" name="Clover" />
	<passive achievement="308" description="Gold tears!" gfx="Collectibles_450_EyeOfGreed.png" id="450" name="(0.2) Eye of Greed (0.2)" />
	<passive description="I see the future" devilprice="2" gfx="Collectibles_451_TarotCloth.png" id="451" name="Tarot Cloth" />
	<passive description="I'm leaking..." gfx="Collectibles_452_VaricoseVeins.png" id="452" name="Varicose Veins" />
	<passive achievement="291" cache="range tearflag" description="Bone tears!" devilprice="1" gfx="Collectibles_453_CompoundFracture.png" id="453" special="false" name="Compound Fracture" />
	<passive description="Hold me!" gfx="Collectibles_454_Polydactyly.png" id="454" name="Polydactyly" />
	<passive achievement="307" cache="range" description="I remember this..." gfx="Collectibles_455_DadsLostCoin.png" id="455" name="Dad's Lost Coin" />
	<passive description="Cleaner" gfx="Collectibles_456_MoldyBread.png" id="456" name="Cleaner" />
	<passive description="Hard headed!" gfx="Collectibles_457_Conehead.png" id="457" name="Cone Head" soulhearts="6" />
	<passive description="Whats in there?" gfx="Collectibles_458_BellyButton.png" id="458" name="Belly Button" />
	<passive description="Booger tears!" devilprice="2" gfx="Collectibles_459_SinusInfection.png" id="459" special="false" name="Sinus Infection" />
	<passive description="Blind tears!" gfx="Collectibles_460_Glaucoma.png" id="460" name="Glaucoma" />
	<passive cache="range" description="Egg tears!" devilprice="2" gfx="Collectibles_461_Parasitoid.png" id="461" name="Parasitoid" />
	<passive achievement="299" cache="range tearflag" description="Possessed tears!" devilprice="1" gfx="Collectibles_462_EyeOfBelial.png" id="462" name="Eye of Belial" />
	<passive cache="damage tearcolor tearflag" description="Acid tears!" gfx="Collectibles_463_SulfuricAcid.png" bombs="1" id="463" name="Sulfuric Acid" />
	<passive achievement="297" description="A gift from above" gfx="Collectibles_464_GlyphOfBalance.png" id="464" name="Glyph of Balance" soulhearts="4" />
	<passive cache="firedelay" description="360 tears!" gfx="Collectibles_465_AnalogStick.png" id="465" name="Analog Stick" />
	<passive description="Outbreak!" gfx="Collectibles_466_Contagion.png" id="466" name="Contagion" />
	<familiar description="Watch where you point that!" gfx="Collectibles_467_Finger.png" id="467" name="Finger!" />
	<familiar achievement="285" description="It follows" gfx="Collectibles_468_Shade.png" id="468" name="Shade" />
	<familiar description=":(" gfx="Collectibles_469_Depression.png" id="469" name="Depression" />
	<familiar achievement="315" description="Lil hush!" gfx="Collectibles_470_Hushy.png" id="470" name="Hushy" />
	<familiar description="Ain't he cute?" gfx="Collectibles_471_LilMonstro.png" id="471" name="Lil Monstro" />
	<familiar achievement="286" description="Lord of the dead!" gfx="Collectibles_472_KingBaby.png" id="472" name="King Baby" />
	<familiar description="DMG 30" gfx="Collectibles_473_BigChubby.png" id="473" name="Big Chubby" />
	<familiar description="Gross..." gfx="Collectibles_474_Tonsil.png" id="474" name="Tonsil" />
	<active achievement="305" description="Use with caution" gfx="Collectibles_475_PlanC.png" id="475" maxcharges="1" devilprice="2" name="Plan C" />
	<active achievement="296" description="What will it be?" gfx="Collectibles_476_D1.png" id="476" maxcharges="4" name="D1" />
	<active achievement="295" description="Consume" devilprice="2" gfx="Collectibles_477_Void.png" id="477" maxcharges="6" name="Void" />
	<active description="Stop!" gfx="Collectibles_478_Pause.png" id="478" maxcharges="2" name="Pause" />
	<active achievement="318" description="Trinket melter!" gfx="Collectibles_479_Smelter.png" id="479" maxcharges="4" name="Smelter" />
	<active description="Gain more friends!" gfx="Collectibles_480_Compost.png" id="480" maxcharges="2" name="Compost" />
	<active description="109" gfx="Collectibles_481_Dataminer.png" id="481" maxcharges="4" name="Dataminer" />
	<active description="Change" devilprice="2" gfx="Collectibles_482_Clicker.png" id="482" maxcharges="0" name="Clicker" />
	<active description="BOOOOOOOOOM!" gfx="Collectibles_483_MaMaMega.png" bombs="10" id="483" name="MaMa Mega!" />
	<active description="I can't believe it's not butter bean!" gfx="Collectibles_484_WaitWhat.png" id="484" maxcharges="300" name="Wait What?" />
	
	<active achievement="294" description="50/50" devilprice="2" gfx="collectibles_485_crookedpenny.png" id="485" maxcharges="24" special="false" name="Crooked Penny" />
	<active achievement="288" description="I feel numb..." gfx="collectibles_486_dullrazor.png" id="486" maxcharges="2" name="Dull Razor" />
	<active description="A pound of flesh..." gfx="collectibles_487_potatopeeler.png" id="487" maxhearts="2" name="Potato Peeler" />
	<active achievement="303" description="Waggles a finger" gfx="collectibles_488_metronome.png" id="488" maxcharges="1" name="Metronome" />
	<active achievement="282" description="Reroll forever" gfx="collectibles_489_dinfinity.png" id="489" maxcharges="2" name="D infinity" />
	<active achievement="289" description="..." devilprice="1" discharged="true" gfx="collectibles_490_edenssoul.png" id="490" maxcharges="0" name="Eden's Soul" />
	<familiar description="Pills pills pills!" gfx="collectibles_491_acidbaby.png" id="491" name="Acid Baby" />
	<familiar cache="luck" description="Yo listen!" gfx="collectibles_492_yolisten.png" id="492" bombs="3" name="YO LISTEN!" />
	<passive description="Panic - power" gfx="collectibles_493_adderline.png" id="493" soulhearts="-12" name="Adrenaline Shock" />
	<active cache="tearflag" description="Electric tears" devilprice="2" gfx="collectibles_494_jacobsladder.png" id="494" special="false" maxcharges="0" name="Jacob's Ladder" />
	<passive description="Flame tears" gfx="collectibles_495_ghostpepper.png" id="495" name="Ghost Pepper" />
	<active achievement="292" cache="luck" description="Needle shot" gfx="collectibles_496_euthanasia.png" id="496" special="true" maxcharges="0" devilprice="2" name="Euthanasia" />
	<passive description="Camo kid" gfx="collectibles_497_camoundies.png" id="497" name="Camo Undies" />
	<passive achievement="306" description="You feel very balanced" gfx="collectibles_498_duality.png" id="498" name="Duality" />
	<passive achievement="283" description="Peace be with you" devilprice="1" gfx="collectibles_499_eucharist.png" id="499" name="Eucharist" />
	
	<familiar achievement="298" description="Gives Sacks!" devilprice="2" gfx="Collectibles_500_SackOfSacks.png" id="500" special="true" name="Sack of Sacks" />
	<passive achievement="335" description="Money = Health!" gfx="Collectibles_501_GreedsGullet.png" id="501" name="Greed's Gullet" />

	<passive description="Creep shots" gfx="Collectibles_502_LargeZit.png" id="502" name="Large Zit" />
	<active description="Science!" devilprice="2" gfx="Collectibles_503_LittleHorn.png" id="503" special="true" maxcharges="0" name="Little Horn" />
	<active achievement="316" cache="familiars" description="Friendly Fly" gfx="Collectibles_504_BrownNugget.png" id="504" maxcharges="75" name="Brown Nugget" />
	<passive description="Gotta catch em..." gfx="Collectibles_505_PokeGo.png" id="505" name="Poke Go" />
	<passive description="Watch your back!" gfx="Collectibles_506_Backstabber.png" id="506" name="BackStabber" />
	<active description="More blood!" gfx="Collectibles_507_SharpStraw.png" id="507" maxcharges="150" name="Sharp Straw" />
	<familiar description="It's sharp!" gfx="Collectibles_508_MomsRazor.png" id="508" name="Mom's Razor" />
	<familiar description="Bloody friend" gfx="Collectibles_509_BloodshotEye.png" id="509" name="Bloodshot Eye" />
	
	<active achievement="338" description="Unleash the power!" gfx="Collectibles_510_Delirious.png" id="510" maxcharges="2" name="Delirious" />


	<!-- Booster Pack #1 -->
	<familiar description="DMG 15 x 3" gfx="Collectibles_511_AngryFly.png" id="511" name="Angry Fly" />
	<active description="Nothing can escape" devilprice="2" gfx="Collectibles_512_BlackHole.png" id="512" maxcharges="2" name="
" />
	<passive cache="damage" name="Bozo" description="Party time!" soulhearts="2" id="513" gfx="Collectibles_513_Bozo.png" />
	<passive name="Broken Modem" description="LAG!" id="514" gfx="Collectibles_514_BrokenModem.png" />
	<active description="Wrapped up nice for you!" devilprice="1" id="515" gfx="Collectibles_515_MysteryGift.png" name="Mystery Gift" />
	<active cache="familiars" name="Sprinkler" gfx="Collectibles_516_Sprinkler.png" description="Sprinkles" devilprice="2" id="516" maxcharges="6" />
	<passive name="Fast Bombs" gfx="Collectibles_517_FastBombs.png" description="Faster Bomb Drops!" id="517" bombs="7" />
	<familiar description="What could it be?!" gfx="Collectibles_518_BuddyBox.png" id="518" name="Buddy in a box" />
	<familiar description="He's Delirious" gfx="Collectibles_519_LilDelirium.png" id="519" name="Lil Delirium" />

	<!-- Booster Pack #2 -->
	<passive description="Bloody Recharge!" gfx="Collectibles_520_JumperCable.png" name="Jumper Cables" id="520" />
	<active description="Allow 6 weeks for delivery" gfx="Collectibles_521_CerealCutout.png" maxcharges="24" name="Coupon" id="521" />
	<active description="The power of mind!" gfx="Collectibles_522_Telekinesis.png" maxcharges="60" name="Telekinesis" id="522" />
	<active description="Pack and unpack" gfx="collectibles_523_movingbox.png" maxcharges="4" name="Moving Box" id="523" />
	<active description="Static tears!" gfx="Collectibles_524_TechnologyZero.png" devilprice="2" name="Technology Zero" id="524" cache="tearflag" />
	<familiar description="You're tearing me apart!" gfx="Collectibles_525_Leprosy.png" name="Leprosy" id="525" />

	<!-- Booster Pack #3 -->
	<familiar description="Lil Harbingers!" gfx="Collectibles_526_7Seals.png" name="7 Seals" devilprice="2" id="526"/>
	<active description="Caaan Do!" gfx="Collectibles_527_Mr_Me.png" maxcharges="12" name="Mr. ME!" id="527" />
	<familiar description="Eclipsed by the moon" gfx="collectibles_528_angelic prism.png" name="Angelic Prism" id="528" />
	<active cache="tearflag" description="Eyeball tears!" gfx="Collectibles_529_Pop.png" name="Pop!" id="529" />
	
	<trinket achievement="101" description="Gulp!" gfx="trinket_001_swallowedpenny.png" id="1" name="Swallowed Penny" />
	<trinket description="It feels lucky?" gfx="trinket_002_petrifiedpoop.png" id="2" name="Petrified Poop" />
	<trinket description="Trickle charge" gfx="trinket_003_aaabattery.png" id="3" name="AAA Battery" />
	<trinket description="It's broken" gfx="trinket_004_brokenremote.png" id="4" name="Broken Remote" />
	<trinket description="Challenge up" gfx="trinket_005_purpleheart.png" id="5" name="Purple Heart" />
	<trinket description="It kinda works" gfx="trinket_006_brokenmagnet.png" id="6" name="Broken Magnet" />
	<trinket description="Faith up" gfx="trinket_007_rosarybead.png" id="7" name="Rosary Bead" />
	<trinket description="I remember these" gfx="trinket_008_cartridge.png" id="8" name="Cartridge" />
	<trinket cache="tearflag" description="Wub wub!" gfx="trinket_009_pulseworm.png" id="9" name="Pulse Worm" />
	<trinket cache="tearflag" description="Wiggle waggle!" gfx="trinket_010_wiggleworm.png" id="10" name="Wiggle Worm" />
	<trinket cache="tearflag" description="Woop woop!" gfx="trinket_011_ringworm.png" id="11" name="Ring Worm" />
	<trinket cache="tearflag" description="Blub blub!" gfx="trinket_012_flatworm.png" id="12" name="Flat Worm" />
	<trinket achievement="118" description="YES!" gfx="trinket_013_storecredit.png" id="13" name="Store Credit" />
	<trinket description="Your feet feel stronger" gfx="trinket_014_callus.png" id="14" name="Callus" />
	<trinket achievement="85" description="There's something inside it" gfx="trinket_015_luckyrock.png" id="15" name="Lucky Rock" />
	<trinket description="???" gfx="trinket_016_momstoenail.png" id="16" name="Mom's Toenail" />
	<trinket cache="damage" achievement="111" description="Evil up" gfx="trinket_017_blacklipstick.png" id="17" name="Black Lipstick" />
	<trinket description="Faith up" gfx="trinket_018_bibletract.png" id="18" name="Bible Tract" />
	<trinket description="Master of lockpicking" gfx="trinket_019_paperclip.png" id="19" name="Paper Clip" />
	<trinket description="Wish granted" gfx="trinket_020_monkeypaw.png" id="20" name="Monkey Paw" />
	<trinket achievement="123" description="???" gfx="trinket_021_mysteriouspaper.png" id="21" name="Mysterious Paper" />
	<trinket cache="damage" achievement="127" description="Evil up" gfx="trinket_022_daemonstail.png" id="22" name="Daemon's Tail" />
	<trinket achievement="149" description="???" gfx="trinket_023_missingposter.png" id="23" name="Missing Poster" />
	<trinket description="Wealth of gas" gfx="trinket_024_buttpenny.png" id="24" name="Butt Penny" />
	<trinket description="Uh-oh!" gfx="trinket_025_mysteriouscandy.png" id="25" name="Mysterious Candy" />
	<trinket cache="tearflag range" description="Zip zoop!" gfx="trinket_026_hookworm.png" id="26" name="Hook Worm" />
	<trinket cache="shotspeed" description="Wooosh!" gfx="trinket_027_whipworm.png" id="27" name="Whip Worm" />
	<trinket achievement="117" description="Eternal life?" gfx="trinket_028_brokenankh.png" id="28" name="Broken Ankh" />
	<trinket description="It stinks" gfx="trinket_029_fishhead.png" id="29" name="Fish Head" />
	<trinket description="Poison shots" gfx="trinket_030_pinkyeye.png" id="30" name="Pinky Eye" />
	<trinket description="Piercing shots" gfx="trinket_031_pushpin.png" id="31" name="Push Pin" />
	<trinket description="Touch fuzzy, get dizzy" gfx="trinket_032_libertycap.png" id="32" name="Liberty Cap" />
	<trinket description="Fetal protection" gfx="trinket_033_umbilicalcord.png" id="33" name="Umbilical Cord" />
	<trinket description="It calls out to its brothers" gfx="trinket_034_childsheart.png" id="34" name="Child's Heart" />
	<trinket achievement="52" cache="damage" description="DMG up" gfx="trinket_035_curvedhorn.png" id="35" name="Curved Horn" />
	<trinket description="It feels lucky?" gfx="trinket_036_rustedkey.png" id="36" name="Rusted Key" />
	<trinket cache="speed" description="Speed up" gfx="trinket_037_goathoof.png" id="37" name="Goat Hoof" />
	<trinket description="It emanates purity " gfx="trinket_038_momspearl.png" id="38" name="Mom's Pearl" />
	<trinket cache="firedelay" description="Yay, cancer!" gfx="trinket_039_cancer.png" id="39" name="Cancer" />
	<trinket cache="damage" description="Your rage grows" gfx="trinket_040_redpatch.png" id="40" name="Red Patch" />
	<trinket description="Tastes like burning" gfx="trinket_041_matchstick.png" id="41" name="Match Stick" />
	<trinket achievement="61" cache="luck" description="Luck up!" gfx="trinket_042_luckytoe.png" id="42" name="Lucky Toe" />
	<trinket description="Cursed?" gfx="trinket_043_cursedskull.png" id="43" name="Cursed Skull" />
	<trinket description="Don't swallow it" gfx="trinket_044_safetycap.png" id="44" name="Safety Cap" />
	<trinket description="Luck of the draw" gfx="trinket_045_aceofspades.png" id="45" name="Ace of Spades" />
	<trinket description="Consume thy enemy" gfx="trinket_046_isaacsfork.png" id="46" name="Isaac's Fork" />
	
	<trinket description="It glows with power" gfx="trinket_048_amissingpage.png" id="48" name="A Missing Page" />
	<trinket achievement="55" description="Wealth of health" gfx="trinket_049_bloodypenny.png" id="49" name="Bloody Penny" />
	<trinket achievement="60" description="Wealth of chaos" gfx="trinket_050_burntpenny.png" id="50" name="Burnt Penny" />
	<trinket description="Wealth of answers" gfx="trinket_051_flatpenny.png" id="51" name="Flat Penny" />
	<trinket achievement="64" description="Wealth of wealth" gfx="trinket_052_counterfeitpenny.png" id="52" name="Counterfeit Penny" />
	<trinket description="Well, that's not coming off" gfx="trinket_053_tick.png" id="53" name="Tick" />
	<trinket achievement="70" cache="familiars" description="Dead friend" gfx="trinket_054_isaacshead.png" id="54" name="Isaac's Head" />
	<trinket achievement="71" description="Faith's reward" gfx="trinket_055_maggysfaith.png" id="55" name="Maggy's Faith" />
	<trinket achievement="72" description="Payment received " gfx="trinket_056_judastongue.png" id="56" name="Judas' Tongue" />
	<trinket achievement="73" cache="familiars" description="Imaginary friend" gfx="trinket_057_qmarkssoul.png" id="57" name="???'s Soul" />
	<trinket achievement="74" cache="damage" description="Your rage grows" gfx="trinket_058_samsonslock.png" id="58" name="Samson's Lock" />
	<trinket achievement="75" description="May you see your destination" gfx="trinket_059_cainseye.png" id="59" name="Cain's Eye" />
	<trinket achievement="76" cache="familiars" description="Revenge from beyond" gfx="trinket_060_evesbirdfoot.png" id="60" name="Eve's Bird Foot" />
	<trinket achievement="77" description="The left-hand path reaps dark rewards" gfx="trinket_061_thelefthand.png" id="61" name="The Left Hand" />
	
	<!-- Afterbirth Trinkets -->
	<trinket description="It shines for its brothers" gfx="trinket_062_ShinyRock.png" id="62" name="Shiny Rock" />
	<trinket description="Fuse cutter" gfx="trinket_063_SafetyScissors.png" id="63" name="Safety Scissors" />
	<trinket description="Bleep bloop blop" gfx="trinket_064_RainbowWorm.png" id="64" name="Rainbow Worm" cache="range shotspeed tearflag firedelay"/>
	<trinket description="Floooooooooop!" gfx="trinket_065_TapeWorm.png" id="65" name="Tape Worm" cache="range" />
	<trinket description="Pft" gfx="trinket_066_LazyWorm.png" id="66" name="Lazy Worm" cache="range shotspeed" />
	<trinket achievement="196" description="You feel cursed... kinda." gfx="trinket_067_CrackedDice.png" id="67" name="Cracked Dice" />
	<trinket description="It pulls" gfx="trinket_068_SuperMagnet.png" id="68" name="Super Magnet" />
	<trinket description="You feel faded" gfx="trinket_069_FadedPolaroid.png" id="69" name="Faded Polaroid" />
	<trinket description="Itchy, tasty..." gfx="trinket_070_Louse.png" id="70" name="Louse" />
	<trinket description="Creepy bombs" gfx="trinket_071_BobsBladder.png" id="71" name="Bob's Bladder" />
	<trinket description="Lil charge" gfx="trinket_072_WatchBattery.png" id="72" name="Watch Battery" />
	<trinket description="Pop! Pop!" gfx="trinket_073_BlastingCap.png" id="73" name="Blasting Cap" />
	<trinket achievement="230" description="The ground below feels hollow..." gfx="trinket_074_StudFinder.png" id="74" name="Stud Finder" />
	<trinket description="Effect not found?" gfx="trinket_075_Error.png" id="75" name="Error" cache="all" />
	<trinket achievement="229" description="It's double down time!" gfx="trinket_076_PokerChip.png" id="76" name="Poker Chip" />
	<trinket description="Bounce back!" gfx="trinket_077_Blister.png" id="77" name="Blister" cache="tearflag" />
	<trinket description="Extended stat effect time!" gfx="trinket_078_SecondHand.png" id="78" name="Second Hand" />
	<trinket description="I'm stuck in a loop..." gfx="trinket_079_EndlessNameless.png" id="79" name="Endless Nameless" />
	<trinket achievement="197" description="With darkness comes power" gfx="trinket_080_BlackFeather.png" id="80" name="Black Feather" cache="damage" />
	<trinket achievement="185" description="Blind to damage" gfx="trinket_081_BlindRage.png" id="81" name="Blind Rage" />
	<trinket description="Feel lucky?" gfx="trinket_082_GoldenHorseShoe.png" id="82" name="Golden Horse Shoe" />
	
	<trinket achievement="249" description="Stores are open" gfx="trinket_083_storekey.png" id="83" name="Store Key" />
	<trinket achievement="204" description="Feels greedy" gfx="trinket_084_ribofgreed.png" id="84" name="Rib of Greed" />
	<trinket achievement="239" description="Karma up" gfx="trinket_085_karma.png" id="85" name="Karma" />
	
	<trinket description="The poop is moving..." gfx="Trinket_086_LilLarva.png" id="86" name="Lil Larva" />
	<trinket description="You feel her love" gfx="Trinket_087_MomsLocket.png" id="87" name="Mom's Locket" />
	<trinket description="Never again!" gfx="Trinket_088_NO.png" id="88" name="NO!" />
	<trinket description="Keep your friends close..." gfx="Trinket_089_ChildLeash.png" id="89" name="Child Leash" />
	<trinket description="Fartoom!" gfx="Trinket_090_BrownCap.png" id="90" name="Brown Cap" />
	
	<!-- Afterbirth+ Trinkets -->
	<trinket achievement="300" description="Eww" gfx="Trinket_091_Meconium.png" id="91" name="Meconium" />
	<trinket achievement="336" description="Boost Stats" gfx="Trinket_092_CrackedCrown.png" id="92" name="Cracked Crown" cache="all" />
	<trinket description="You stink" gfx="Trinket_093_UsedDiaper.png" id="93" name="Used Diaper" />
	<trinket description="It also stinks!" gfx="Trinket_094_FishTail.png" id="94" name="Fish Tail" />
	<trinket description="It looks dead" gfx="Trinket_095_BlackTooth.png" id="95" name="Black Tooth" />
	<trinket description="Foop foop!" gfx="Trinket_096_OuroborosWorm.png" id="96" name="Ouroboros Worm" cache="tearflag range" />
	<trinket description="Sick..." gfx="Trinket_097_Tonsil.png" id="97" name="Tonsil" />
	<trinket description="Seems magic..." gfx="Trinket_098_NoseGoblin.png" id="98" name="Nose Goblin" />
	<trinket description="Boing!" gfx="Trinket_099_SuperBall.png" id="99" name="Super Ball" />
	<trinket description="It needs power" gfx="Trinket_100_VibrantBulb.png" id="100" name="Vibrant Bulb" cache="all" />
	<trinket description="I think it's broken" gfx="Trinket_101_DimBulb.png" id="101" name="Dim Bulb" cache="all" />
	<trinket description="Double moon" gfx="Trinket_102_FragmentedCard.png" id="102" name="Fragmented Card" />
	<trinket description="=" gfx="Trinket_103_Equality.png" id="103" name="Equality!" />
	
	<trinket description="Make a wish" gfx="trinket_104_wishbone.png" id="104" name="Wish Bone" />
	<trinket description="I wonder what it is" gfx="trinket_105_baglunch.png" id="105" name="Bag Lunch" />
	<trinket description="Uncorked" gfx="trinket_106_lostcork.png" id="106" name="Lost Cork" />
	<trinket achievement="302" description="Drain me" gfx="trinket_107_crowheart.png" id="107" name="Crow Heart" />
	<trinket description="That's a hard nut to crack!" gfx="trinket_108_walnut.png" id="108" name="Walnut" />
	<trinket description="Stuck!" gfx="trinket_109_ducttape.png" id="109" name="Duct Tape" />
	<trinket achievement="284" description="Feels lucky..." gfx="trinket_110_silverdollar.png" id="110" name="Silver Dollar" />
	<trinket achievement="287" description="Drips with blood..." gfx="trinket_111_bloodycrown.png" id="111" name="Bloody Crown" />
	<trinket description="..." gfx="trinket_112_paytowin.png" id="112" name="Pay To Win" />	
	
	<trinket achievement="310" description="I Bring Wrath" gfx="trinket_113_LocustOfWrath.png" id="113" name="Locust of Wrath" />	
	<trinket achievement="311" description="I Bring Pestilence" gfx="trinket_114_LocustOfPestilence.png" id="114" name="Locust of Pestilence" />	
	<trinket achievement="312" description="I Bring Famine" gfx="trinket_115_LocustOfFamine.png" id="115" name="Locust of Famine" />	
	<trinket achievement="313" description="I Bring Death" gfx="trinket_116_LocustOfDeath.png" id="116" name="Locust of Death" />	
	<trinket achievement="314" description="I Bring Conquest" gfx="trinket_117_LocustOfConquest.png" id="117" name="Locust of Conquest" />	
	<trinket achievement="304" description="They Are Growing..." gfx="trinket_118_BatWing.png" id="118" name="Bat Wing" cache="flying" />	
	<trinket achievement="301" description="Regen!" gfx="trinket_119_StemCell.png" id="119" name="Stem Cell" />

	<!-- Booster Pack #1 -->
	<trinket description="Poke that power outlet! Bosses charge you" gfx="trinket_120_Hairpin.png" id="120" name="Hairpin" />
	<trinket description="My faith protects me" gfx="trinket_121_WoodenCross.png" id="121" name="Wooden Cross" />
	<trinket description="Can't hold it!" gfx="trinket_122_Butter.png" id="122" name="Butter!" />

	<!-- Booster Pack #2 -->
	<trinket description="Angelic Spoils!" gfx="Trinket_123_FiligreeFeather.png" id="123" name="Filigree Feather" />
	<trinket description="Hold the door!" gfx="trinket_124_woodendoorstop.png" id="124" name="Door Stop" />
</items>