<pocketitems>
	<card id="0" name="NULL" />
	<card description="Where journey begins" hud="00_TheFool" id="1" name="0 - The Fool" greedmode="false" />
	<card description="May you never miss your goal" hud="01_TheMagician" id="2" name="I - The Magician" />
	<card description="Mother is watching you" hud="02_TheHighPriestess" id="3" name="II - The High Priestess" greedmode="false" />
	<card description="May your rage bring power" hud="03_TheEmpress" id="4" name="III - The Empress" />
	<card description="Challenge me!" hud="04_TheEmperor" id="5" name="IV - The Emperor" greedmode="false" />
	<card description="Two prayers for the lost" hud="05_TheHierophant" id="6" name="V - The Hierophant" />
	<card description="May you prosper and be in good health" hud="06_TheLovers" id="7" name="VI - The Lovers" />
	<card description="May nothing stand before you " hud="07_TheChariot" id="8" name="VII - The Chariot" />
	<card description="May your future become balanced" hud="08_TheJustice" id="9" name="VIII - Justice" />
	<card description="May you see what life has to offer" hud="09_TheHermit" id="10" name="IX - The Hermit" greedmode="false" />
	<card description="Spin the wheel of destiny" hud="10_WheelOfFortune" id="11" name="X - Wheel of Fortune" greedmode="false" />
	<card description="May your power bring rage" hud="11_Strength" id="12" name="XI - Strength" />
	<card description="May you find enlightenment " hud="12_TheHangedMan" id="13" name="XII - The Hanged Man" greedmode="false" />
	<card description="Lay waste to all that oppose you " hud="13_Death" id="14" name="XIII - Death" />
	<card description="May you be pure in heart" hud="14_Temperance" id="15" name="XIV - Temperance" />
	<card description="Revel in the power of darkness" hud="15_TheDevil" id="16" name="XV - The Devil" />
	<card description="Destruction brings creation" hud="16_TheTower" id="17" name="XVI - The Tower" greedmode="false" />
	<card description="May you find what you desire " hud="17_TheStars" id="18" name="XVII - The Stars" greedmode="false" />
	<card description="May you find all you have lost" hud="18_TheMoon" id="19" name="XVIII - The Moon" greedmode="false" />
	<card description="May the light heal and enlighten you" hud="19_TheSun" id="20" name="XIX - The Sun" />
	<card description="Judge lest ye be judged" hud="20_Judgement" id="21" name="XX - Judgement" greedmode="true" />
	<card description="Open your eyes and see" hud="21_TheWorld" id="22" name="XXI - The World" greedmode="false" />
	<card description="Item multiplier" hud="25_TwoOfClubs" id="23" name="2 of Clubs" />
	<card description="Item multiplier" hud="26_TwoOfDiamonds" id="24" name="2 of Diamonds" />
	<card description="Item multiplier" hud="24_TwoOfSpades" id="25" name="2 of Spades" />
	<card description="Item multiplier" hud="23_TwoOfHearts" id="26" name="2 of Hearts" />
	<card achievement="322" description="Convert all" hud="38_AceOfClubs" id="27" name="Ace of Clubs" />
	<card achievement="326" description="Convert all" hud="39_AceOfDiamonds" id="28" name="Ace of Diamonds" />
	<card achievement="327" description="Convert all" hud="36_AceOfSpades" id="29" name="Ace of Spades" />
	<card achievement="329" description="Convert all" hud="37_AceOfHearts" id="30" name="Ace of Hearts" greedmode="false" />
	<card description="???" hud="22_TheJoker" id="31" name="Joker" greedmode="true" />
	<rune achievement="89" description="Destruction" id="32" greedmode="false" name="Hagalaz" />
	<rune achievement="90" description="Abundance" id="33" greedmode="false" name="Jera" />
	<rune achievement="91" description="Passage" id="34" greedmode="false" name="Ehwaz" />
	<rune achievement="92" description="Purity" id="35" name="Dagaz" />
	<rune achievement="93" description="Vision" id="36" name="Ansuz" />
	<rune achievement="94" description="Change" id="37" name="Perthro" />
	<rune achievement="95" description="Companionship" id="38" name="Berkano" />
	<rune achievement="96" description="Resistance" id="39" name="Algiz" />
	<rune achievement="233" description="???" id="40" name="Blank Rune" greedmode="false" />
	<rune achievement="309" description="Void" id="41" name="Black Rune" />
	<card achievement="97" description="???" hud="28_ChaosCard" id="42" name="Chaos Card" />
	<card achievement="98" description="Charge it!" hud="29_CreditCard" id="43" name="Credit Card" />
	<card achievement="99" description="???" hud="30_RulesCard" id="44" greedmode="false" name="Rules Card" />
	<card achievement="100" description="Something stinks..." hud="31_CardAgainstHumanity" id="45" name="A Card Against Humanity" />
	<card achievement="120" description="A true ending?" hud="27_SuicideKing" id="46" name="Suicide King" />
	<card achievement="225" description="Open Sesame" hud="32_GetOutOfJail" id="47" name="Get Out Of Jail Free Card" greedmode="false" />
	<card description="Double Active" hud="33_MysteryCard" id="48" name="? Card" />
	<card description="D6 + D20" hud="34_DiceShard" id="49" name="Dice Shard" />
	<card description="Help from above" hud="35_EmergencyContact" id="50" greedmode="false" name="Emergency Contact" greedmode="false" />
	<card achievement="293" description="You feel protected" hud="40_HolyCard" id="51" name="Holy Card" />

	<!-- Booster Pack #1 -->
	<card description="Become immense!" hud="52_HugeGrowth" name="Huge Growth" id="52" />
	<card description="Draw 3 cards" hud="53_AncientRecall" name="Ancient Recall" id="53" />
	<card description="Savor the moment" hud="54_EraWalk" name="Era Walk" id="54" />

	<pilleffect id="0" name="Bad Gas" greedmode="false" />
	<pilleffect id="1" name="Bad Trip" />
	<pilleffect id="2" name="Balls of Steel" />
	<pilleffect id="3" name="Bombs are Key" />
	<pilleffect id="4" name="Explosive Diarrhea" />
	<pilleffect id="5" name="Full Health" />
	<pilleffect id="6" name="Health Down" />
	<pilleffect id="7" name="Health Up" />
	<pilleffect id="8" name="I Found Pills" greedmode="false" />
	<pilleffect id="9" name="Puberty" greedmode="false "/>
	<pilleffect id="10" name="Pretty Fly" />
	<pilleffect id="11" name="Range Down" />
	<pilleffect id="12" name="Range Up" />
	<pilleffect id="13" name="Speed Down" />
	<pilleffect id="14" name="Speed Up" />
	<pilleffect id="15" name="Tears Down" />
	<pilleffect id="16" name="Tears Up" />
	<pilleffect id="17" name="Luck Down" />
	<pilleffect id="18" name="Luck Up" />
	<pilleffect id="19" name="Telepills" />
	<pilleffect id="20" name="48 Hour Energy!" />
	<pilleffect id="21" name="Hematemesis" />
	<pilleffect id="22" name="Paralysis" greedmode="false" />
	<pilleffect id="23" name="I can see forever!" />
	<pilleffect id="24" name="Pheromones" greedmode="false" />
	<pilleffect id="25" name="Amnesia" greedmode="false" />
	<pilleffect id="26" name="Lemon Party" />
	<pilleffect id="27" name="R U A Wizard?" greedmode="false" />
	<pilleffect achievement="227" id="28" name="Percs!" />
	<pilleffect achievement="227" id="29" name="Addicted!" greedmode="false" />
	<pilleffect achievement="228" id="30" name="Re-Lax" greedmode="false" />
	<pilleffect achievement="228" id="31" name="???" />
	<pilleffect id="32" name="One makes you larger" />
	<pilleffect id="33" name="One makes you small" />
	<pilleffect id="34" name="Infested!" greedmode="false" />
	<pilleffect id="35" name="Infested?" greedmode="false" />
	<pilleffect id="36" name="Power Pill!" greedmode="false" />
	<pilleffect id="37" name="Retro Vision" greedmode="false" />
	<pilleffect id="38" name="Friends Till The End!" greedmode="false" />
	<pilleffect id="39" name="X-Lax" greedmode="false" />
	<pilleffect id="40" name="Something's wrong..." greedmode="false" />
	<pilleffect id="41" name="I'm Drowsy..." greedmode="false" />
	<pilleffect id="42" name="I'm Excited!!!" greedmode="false" />
	<pilleffect achievement="321" id="43" name="Gulp!" />
	<pilleffect achievement="325" id="44" name="Horf!" greedmode="false" />
	<pilleffect achievement="324" id="45" name="Feels like I'm walking on sunshine!" greedmode="false" />
	<pilleffect achievement="330" id="46" name="Vurp!" />
</pocketitems>
