<preloads>
	<preload id="pickups">
		<png path="gfx/items/LevelItem_001_ItemAltar.png" />
		<png path="gfx/items/pick ups/Pickup_001_Heart.png" />
		<png path="gfx/items/pick ups/Pickup_002_Coin.png" />
		<png path="gfx/items/pick ups/Pickup_002_CoinBlack.png" />
		<png path="gfx/items/pick ups/Pickup_002_CoinDouble.png" />
		<png path="gfx/items/pick ups/Pickup_002_CoinSilver.png" />
		<png path="gfx/items/pick ups/Pickup_003_Key.png" />
		<png path="gfx/items/pick ups/Pickup_005_Chests.png" />
		<png path="gfx/items/pick ups/Pickup_007_Pill.png" />
		<png path="gfx/items/pick ups/Pickup_016_Bomb.png" />
		<png path="gfx/items/pick ups/pickup_017_card.png" />
		<png path="gfx/items/pick ups/pickup_018_littlebattery.png" />
	</preload>
	<preload id="player tears">
		<png path="gfx/tears.png" />
		<png path="gfx/effects/effect_032_bloodstains.png" />
		<png path="gfx/effects/effect_015_tearpoofb.png" />
		<png path="gfx/effects/effect_015_tearpoofa.png" />
	</preload>
	<preload id="enemy">
		<png path="gfx/enemybullets.png" />
		<png path="gfx/effects/effect_003_bloodtear.png" />
		<png path="gfx/effects/Effect_009_Poof01.png" />
		<png path="gfx/effects/Effect_009_Poof01_Large.png" />
		<png path="gfx/effects/Effect_009_Poof01_Small.png" />
		<png path="gfx/effects/Effect_010_Poof02.png" />
		<png path="gfx/effects/Effect_012_Poof04.png" />
		<png path="gfx/effects/Effect_001_BatteryEffect.png" />
		<png path="gfx/effects/Effect_029_Explosion.png" />
		<png path="gfx/effects/Effect_006_HeartEffect.png" />
		<png path="gfx/effects/Effect_002_BloodPoof.png" />
		<png path="gfx/effects/Effect_002_BloodPoof_Large1.png" />
		<png path="gfx/effects/Effect_002_BloodPoof_Large2.png" />
		<png path="gfx/effects/Effect_002_BloodPoof_Small.png" />
		<png path="gfx/effects/effect_030_bloodgibs.png" />
	</preload>
	<preload id="common">
		<png path="gfx/Items/LevelItem_001_ItemAltar.png" />
		<png path="gfx/shadow.png" />
		<png path="gfx/grid/door_20_secrettrapdoor.png" />
		<png path="gfx/Effects/Effect_017_BombRadius.png" />
		<png path="gfx/Effects/Effect_Droplets.png" />
        <png path="gfx/effects/effect_032_bloodstains.png" />
	</preload>
	<preload id="icons">
		<png path="gfx/items/collectibles/Collectibles_001_TheSadOnion.png" />
		<png path="gfx/items/collectibles/Collectibles_002_TheInnerEye.png" />
		<png path="gfx/items/collectibles/Collectibles_003_SpoonBender.png" />
		<png path="gfx/items/collectibles/Collectibles_004_CricketsHead.png" />
		<png path="gfx/items/collectibles/Collectibles_005_MyReflection.png" />
		<png path="gfx/items/collectibles/Collectibles_006_NumberOne.png" />
		<png path="gfx/items/collectibles/Collectibles_007_BloodOfTheMartyr.png" />
		<png path="gfx/items/collectibles/Collectibles_008_BrotherBobby.png" />
		<png path="gfx/items/collectibles/Collectibles_009_Skatole.png" />
		<png path="gfx/items/collectibles/Collectibles_010_HaloOfFlies.png" />
		<png path="gfx/items/collectibles/Collectibles_011_1Up.png" />
		<png path="gfx/items/collectibles/Collectibles_012_MagicMushroom.png" />
		<png path="gfx/items/collectibles/Collectibles_013_TheVirus.png" />
		<png path="gfx/items/collectibles/Collectibles_014_RoidRage.png" />
		<png path="gfx/items/collectibles/Collectibles_015_Heart.png" />
		<png path="gfx/items/collectibles/Collectibles_016_RawLiver.png" />
		<png path="gfx/items/collectibles/Collectibles_017_SkeletonKey.png" />
		<png path="gfx/items/collectibles/Collectibles_018_ADollar.png" />
		<png path="gfx/items/collectibles/Collectibles_019_Boom.png" />
		<png path="gfx/items/collectibles/Collectibles_020_Transcendence.png" />
		<png path="gfx/items/collectibles/Collectibles_021_TheCompass.png" />
		<png path="gfx/items/collectibles/Collectibles_022_Lunch.png" />
		<png path="gfx/items/collectibles/Collectibles_023_Dinner.png" />
		<png path="gfx/items/collectibles/Collectibles_024_Dessert.png" />
		<png path="gfx/items/collectibles/Collectibles_025_Breakfast.png" />
		<png path="gfx/items/collectibles/Collectibles_026_RottenMeat.png" />
		<png path="gfx/items/collectibles/Collectibles_027_WoodenSpoon.png" />
		<png path="gfx/items/collectibles/Collectibles_028_TheBelt.png" />
		<png path="gfx/items/collectibles/Collectibles_029_MomsUnderwear.png" />
		<png path="gfx/items/collectibles/Collectibles_030_MomsHeels.png" />
		<png path="gfx/items/collectibles/Collectibles_031_MomsLipstick.png" />
		<png path="gfx/items/collectibles/Collectibles_032_WireCoatHanger.png" />
		<png path="gfx/items/collectibles/Collectibles_033_TheBible.png" />
		<png path="gfx/items/collectibles/Collectibles_034_TheBookOfBelial.png" />
		<png path="gfx/items/collectibles/Collectibles_035_TheNecronomicon.png" />
		<png path="gfx/items/collectibles/Collectibles_036_ThePoop.png" />
		<png path="gfx/items/collectibles/Collectibles_037_MrBoom.png" />
		<png path="gfx/items/collectibles/Collectibles_038_TammysHead.png" />
		<png path="gfx/items/collectibles/Collectibles_039_MomsBra.png" />
		<png path="gfx/items/collectibles/Collectibles_040_Kamikaze.png" />
		<png path="gfx/items/collectibles/Collectibles_041_MomsPad.png" />
		<png path="gfx/items/collectibles/Collectibles_042_BobsRottenHead.png" />
		<png path="gfx/items/collectibles/Collectibles_044_Teleport.png" />
		<png path="gfx/items/collectibles/Collectibles_045_YumHeart.png" />
		<png path="gfx/items/collectibles/Collectibles_046_LuckyFoot.png" />
		<png path="gfx/items/collectibles/Collectibles_047_DoctorsRemote.png" />
		<png path="gfx/items/collectibles/Collectibles_048_CupidsArrow.png" />
		<png path="gfx/items/collectibles/Collectibles_049_ShoopDaWhoop.png" />
		<png path="gfx/items/collectibles/Collectibles_050_Steven.png" />
		<png path="gfx/items/collectibles/Collectibles_051_Pentagram.png" />
		<png path="gfx/items/collectibles/Collectibles_052_DrFetus.png" />
		<png path="gfx/items/collectibles/Collectibles_053_Magneto.png" />
		<png path="gfx/items/collectibles/Collectibles_054_TreasureMap.png" />
		<png path="gfx/items/collectibles/Collectibles_055_MomsEye.png" />
		<png path="gfx/items/collectibles/Collectibles_056_LemonMishap.png" />
		<png path="gfx/items/collectibles/Collectibles_057_DistantAdmiration.png" />
		<png path="gfx/items/collectibles/Collectibles_058_BookOfShadows.png" />
		<png path="gfx/items/collectibles/Collectibles_060_TheLadder.png" />
		<png path="gfx/items/collectibles/Collectibles_062_CharmOfTheVampire.png" />
		<png path="gfx/items/collectibles/Collectibles_063_TheBattery.png" />
		<png path="gfx/items/collectibles/Collectibles_064_SteamSale.png" />
		<png path="gfx/items/collectibles/Collectibles_065_AnarchistCookbook.png" />
		<png path="gfx/items/collectibles/Collectibles_066_TheHourglass.png" />
		<png path="gfx/items/collectibles/Collectibles_067_SisterMaggy.png" />
		<png path="gfx/items/collectibles/Collectibles_068_Technology.png" />
		<png path="gfx/items/collectibles/Collectibles_069_ChocolateMilk.png" />
		<png path="gfx/items/collectibles/Collectibles_070_GrowthHormones.png" />
		<png path="gfx/items/collectibles/Collectibles_071_MiniMushroom.png" />
		<png path="gfx/items/collectibles/Collectibles_072_Rosary.png" />
		<png path="gfx/items/collectibles/Collectibles_073_CubeOfMeat.png" />
		<png path="gfx/items/collectibles/Collectibles_074_AQuarter.png" />
		<png path="gfx/items/collectibles/Collectibles_075_PHD.png" />
		<png path="gfx/items/collectibles/Collectibles_076_XrayVision.png" />
		<png path="gfx/items/collectibles/Collectibles_077_MyLittleUnicorn.png" />
		<png path="gfx/items/collectibles/Collectibles_078_BookOfRevelations.png" />
		<png path="gfx/items/collectibles/Collectibles_079_TheMark.png" />
		<png path="gfx/items/collectibles/Collectibles_080_ThePact.png" />
		<png path="gfx/items/collectibles/Collectibles_081_DeadCat.png" />
		<png path="gfx/items/collectibles/Collectibles_082_LordOfThePit.png" />
		<png path="gfx/items/collectibles/Collectibles_083_TheNail.png" />
		<png path="gfx/items/collectibles/Collectibles_084_WeNeedToGoDeeper.png" />
		<png path="gfx/items/collectibles/Collectibles_085_DeckOfCards.png" />
		<png path="gfx/items/collectibles/Collectibles_086_MonstrosTooth.png" />
		<png path="gfx/items/collectibles/Collectibles_087_LokisHorns.png" />
		<png path="gfx/items/collectibles/Collectibles_088_LittleChubby.png" />
		<png path="gfx/items/collectibles/Collectibles_089_SpidersBite.png" />
		<png path="gfx/items/collectibles/Collectibles_090_SmallRock.png" />
		<png path="gfx/items/collectibles/Collectibles_091_SpelunkerHat.png" />
		<png path="gfx/items/collectibles/Collectibles_092_SuperBandage.png" />
		<png path="gfx/items/collectibles/Collectibles_093_TheGameKid.png" />
		<png path="gfx/items/collectibles/Collectibles_094_SackOfPennies.png" />
		<png path="gfx/items/collectibles/Collectibles_095_RoboBaby.png" />
		<png path="gfx/items/collectibles/Collectibles_096_LittleChad.png" />
		<png path="gfx/items/collectibles/Collectibles_097_BookOfSin.png" />
		<png path="gfx/items/collectibles/Collectibles_098_TheRelic.png" />
		<png path="gfx/items/collectibles/Collectibles_099_LittleGish.png" />
		<png path="gfx/items/collectibles/Collectibles_100_LittleSteve.png" />
		<png path="gfx/items/collectibles/Collectibles_101_TheHalo.png" />
		<png path="gfx/items/collectibles/Collectibles_102_MomsBottleOfPills.png" />
		<png path="gfx/items/collectibles/Collectibles_103_TheCommonCold.png" />
		<png path="gfx/items/collectibles/Collectibles_104_TheParasite.png" />
		<png path="gfx/items/collectibles/Collectibles_105_Dice.png" />
		<png path="gfx/items/collectibles/Collectibles_106_MrMega.png" />
		<png path="gfx/items/collectibles/Collectibles_107_PinkingShears.png" />
		<png path="gfx/items/collectibles/Collectibles_108_TheWafer.png" />
		<png path="gfx/items/collectibles/Collectibles_109_MoneyisPower.png" />
		<png path="gfx/items/collectibles/Collectibles_110_MomsContacts.png" />
		<png path="gfx/items/collectibles/Collectibles_111_TheBean.png" />
		<png path="gfx/items/collectibles/Collectibles_112_GuardianAngel.png" />
		<png path="gfx/items/collectibles/Collectibles_113_DemonBaby.png" />
		<png path="gfx/items/collectibles/Collectibles_114_MomsKnife.png" />
		<png path="gfx/items/collectibles/Collectibles_115_OuijaBoard.png" />
		<png path="gfx/items/collectibles/Collectibles_116_9Volt.png" />
		<png path="gfx/items/collectibles/Collectibles_117_DeadBird.png" />
		<png path="gfx/items/collectibles/Collectibles_118_Brimstone.png" />
		<png path="gfx/items/collectibles/Collectibles_119_BloodBag.png" />
		<png path="gfx/items/collectibles/Collectibles_120_OddMushroomThin.png" />
		<png path="gfx/items/collectibles/Collectibles_121_OddMushroomLarge.png" />
		<png path="gfx/items/collectibles/Collectibles_122_WhoreOFBabylon.png" />
		<png path="gfx/items/collectibles/Collectibles_123_MonsterManual.png" />
		<png path="gfx/items/collectibles/Collectibles_124_DeadSeaScrolls.png" />
		<png path="gfx/items/collectibles/Collectibles_125_BobbyBomb.png" />
		<png path="gfx/items/collectibles/Collectibles_126_RazorBlade.png" />
		<png path="gfx/items/collectibles/Collectibles_127_ForgetMeNow.png" />
		<png path="gfx/items/collectibles/Collectibles_128_ForeverAlone.png" />
		<png path="gfx/items/collectibles/Collectibles_129_BucketofLard.png" />
		<png path="gfx/items/collectibles/Collectibles_130_APony.png" />
		<png path="gfx/items/collectibles/Collectibles_131_BombBag.png" />
		<png path="gfx/items/collectibles/Collectibles_132_ALumpOfCoal.png" />
		<png path="gfx/items/collectibles/Collectibles_133_GuppysPaw.png" />
		<png path="gfx/items/collectibles/Collectibles_134_GuppysTail.png" />
		<png path="gfx/items/collectibles/Collectibles_135_IVBag.png" />
		<png path="gfx/items/collectibles/Collectibles_136_BestFriend.png" />
		<png path="gfx/items/collectibles/Collectibles_137_RemoteDetonator.png" />
		<png path="gfx/items/collectibles/Collectibles_138_Stigmata.png" />
		<png path="gfx/items/collectibles/Collectibles_139_MomsPurse.png" />
		<png path="gfx/items/collectibles/Collectibles_140_BobsCurse.png" />
		<png path="gfx/items/collectibles/Collectibles_141_PageantBoy.png" />
		<png path="gfx/items/collectibles/Collectibles_142_Scapular.png" />
		<png path="gfx/items/collectibles/Collectibles_143_Speedball.png" />
		<png path="gfx/items/collectibles/Collectibles_144_BumFriend.png" />
		<png path="gfx/items/collectibles/Collectibles_145_GuppysHead.png" />
		<png path="gfx/items/collectibles/Collectibles_146_PrayerCard.png" />
		<png path="gfx/items/collectibles/Collectibles_147_NotchedAxe.png" />
		<png path="gfx/items/collectibles/Collectibles_148_Infestation.png" />
		<png path="gfx/items/collectibles/Collectibles_149_Ipecac.png" />
		<png path="gfx/items/collectibles/Collectibles_150_ToughLove.png" />
		<png path="gfx/items/collectibles/Collectibles_151_TheMulligan.png" />
		<png path="gfx/items/collectibles/Collectibles_152_Technology2.png" />
		<png path="gfx/items/collectibles/Collectibles_153_MutantSpider.png" />
		<png path="gfx/items/collectibles/Collectibles_154_ChemicalPeel.png" />
		<png path="gfx/items/collectibles/Collectibles_155_ThePeeper.png" />
		<png path="gfx/items/collectibles/Collectibles_156_Habit.png" />
		<png path="gfx/items/collectibles/Collectibles_157_BloodyLust.png" />
		<png path="gfx/items/collectibles/Collectibles_158_CrystalBall.png" />
		<png path="gfx/items/collectibles/Collectibles_159_SpiritOfTheNight.png" />
		<png path="gfx/items/collectibles/Collectibles_160_CrackTheSky.png" />
		<png path="gfx/items/collectibles/Collectibles_161_Ankh.png" />
		<png path="gfx/items/collectibles/Collectibles_162_CelticCross.png" />
		<png path="gfx/items/collectibles/Collectibles_163_GhostBaby.png" />
		<png path="gfx/items/collectibles/Collectibles_164_BlueCandle.png" />
		<png path="gfx/items/collectibles/Collectibles_165_CatONineTails.png" />
		<png path="gfx/items/collectibles/Collectibles_166_D20.png" />
		<png path="gfx/items/collectibles/Collectibles_167_HarlequinBaby.png" />
		<png path="gfx/items/collectibles/Collectibles_168_EpicFetus.png" />
		<png path="gfx/items/collectibles/Collectibles_169_Polyphemus.png" />
		<png path="gfx/items/collectibles/Collectibles_170_DaddyLonglegs.png" />
		<png path="gfx/items/collectibles/Collectibles_171_SpiderButt.png" />
		<png path="gfx/items/collectibles/Collectibles_172_SacrificialDagger.png" />
		<png path="gfx/items/collectibles/Collectibles_173_Mitre.png" />
		<png path="gfx/items/collectibles/Collectibles_174_RainbowBaby.png" />
		<png path="gfx/items/collectibles/Collectibles_175_DadsKey.png" />
		<png path="gfx/items/collectibles/Collectibles_176_StemCells.png" />
		<png path="gfx/items/collectibles/Collectibles_177_PortableSlot.png" />
		<png path="gfx/items/collectibles/Collectibles_178_HolyWater.png" />
		<png path="gfx/items/collectibles/Collectibles_179_Fate.png" />
		<png path="gfx/items/collectibles/Collectibles_180_BlackBean.png" />
		<png path="gfx/items/collectibles/Collectibles_181_WhitePony.png" />
		<png path="gfx/items/collectibles/Collectibles_182_SacredHeart.png" />
		<png path="gfx/items/collectibles/Collectibles_183_ToothPicks.png" />
		<png path="gfx/items/collectibles/Collectibles_184_HolyGrail.png" />
		<png path="gfx/items/collectibles/Collectibles_185_DeadDove.png" />
		<png path="gfx/items/collectibles/Collectibles_186_BloodRights.png" />
		<png path="gfx/items/collectibles/Collectibles_187_GuppysHairball.png" />
		<png path="gfx/items/collectibles/Collectibles_188_Abel.png" />
		<png path="gfx/items/collectibles/Collectibles_189_SMBSuperFan.png" />
		<png path="gfx/items/collectibles/Collectibles_190_Pyro.png" />
		<png path="gfx/items/collectibles/Collectibles_191_3DollarBill.png" />
		<png path="gfx/items/collectibles/Collectibles_192_TelepathyForDummies.png" />
		<png path="gfx/items/collectibles/Collectibles_193_Meat.png" />
		<png path="gfx/items/collectibles/Collectibles_194_Magic8Ball.png" />
		<png path="gfx/items/collectibles/Collectibles_195_MomsCoinPurse.png" />
		<png path="gfx/items/collectibles/Collectibles_196_Squeezy.png" />
		<png path="gfx/items/collectibles/Collectibles_197_JesusJuice.png" />
		<png path="gfx/items/collectibles/Collectibles_198_Box.png" />
		<png path="gfx/items/collectibles/Collectibles_199_MomsKey.png" />
		<png path="gfx/items/collectibles/Collectibles_200_MomsEyeshadow.png" />
		<png path="gfx/items/collectibles/Collectibles_201_IronBar.png" />
		<png path="gfx/items/collectibles/Collectibles_202_MidasTouch.png" />
		<png path="gfx/items/collectibles/Collectibles_203_HumblingBundle.png" />
		<png path="gfx/items/collectibles/Collectibles_204_FannyPack.png" />
		<png path="gfx/items/collectibles/Collectibles_205_SharpPlug.png" />
		<png path="gfx/items/collectibles/Collectibles_207_BallOfBandages.png" />
		<png path="gfx/items/collectibles/Collectibles_210_GnawedLeaf.png" />
		<png path="gfx/items/collectibles/Collectibles_212_GuppysCollar.png" />
		<png path="gfx/items/collectibles/Collectibles_216_CeremonialRobes.png" />
		<png path="gfx/items/collectibles/Collectibles_282_HowToJump.png" />
		<png path="gfx/items/collectibles/collectibles_206_guillotine.png" />
		<png path="gfx/items/collectibles/collectibles_208_championbelt.png" />
		<png path="gfx/items/collectibles/collectibles_209_buttbombs.png" />
		<png path="gfx/items/collectibles/collectibles_211_spiderbaby.png" />
		<png path="gfx/items/collectibles/collectibles_213_lostcontact.png" />
		<png path="gfx/items/collectibles/collectibles_214_anemic.png" />
		<png path="gfx/items/collectibles/collectibles_215_goathead.png" />
		<png path="gfx/items/collectibles/collectibles_217_momswig.png" />
		<png path="gfx/items/collectibles/collectibles_218_placenta.png" />
		<png path="gfx/items/collectibles/collectibles_220_sadbombs.png" />
		<png path="gfx/items/collectibles/collectibles_221_rubbercement.png" />
		<png path="gfx/items/collectibles/collectibles_222_antigravity.png" />
		<png path="gfx/items/collectibles/collectibles_223_pyromaniac.png" />
		<png path="gfx/items/collectibles/collectibles_224_cricketsbody.png" />
		<png path="gfx/items/collectibles/collectibles_225_gimpy.png" />
		<png path="gfx/items/collectibles/collectibles_226_blacklotus.png" />
		<png path="gfx/items/collectibles/collectibles_227_piggybank.png" />
		<png path="gfx/items/collectibles/collectibles_228_momsperfume.png" />
		<png path="gfx/items/collectibles/collectibles_229_monstroslung.png" />
		<png path="gfx/items/collectibles/collectibles_230_abaddon.png" />
		<png path="gfx/items/collectibles/collectibles_231_balloftar.png" />
		<png path="gfx/items/collectibles/collectibles_232_stopwatch.png" />
		<png path="gfx/items/collectibles/collectibles_233_tinyplanet.png" />
		<png path="gfx/items/collectibles/collectibles_234_infestation2.png" />
		<png path="gfx/items/collectibles/collectibles_236_ecoli.png" />
		<png path="gfx/items/collectibles/collectibles_237_deathstouch.png" />
		<png path="gfx/items/collectibles/collectibles_238_keypiece1.png" />
		<png path="gfx/items/collectibles/collectibles_239_keypiece2.png" />
		<png path="gfx/items/collectibles/collectibles_240_experimentaltreatment.png" />
		<png path="gfx/items/collectibles/collectibles_241_contractfrombelow.png" />
		<png path="gfx/items/collectibles/collectibles_242_infamy.png" />
		<png path="gfx/items/collectibles/collectibles_243_trinityshield.png" />
		<png path="gfx/items/collectibles/collectibles_244_techpointfive.png" />
		<png path="gfx/items/collectibles/collectibles_245_2020.png" />
		<png path="gfx/items/collectibles/collectibles_246_bluemap.png" />
		<png path="gfx/items/collectibles/collectibles_247_bffs.png" />
		<png path="gfx/items/collectibles/collectibles_248_hivemind.png" />
		<png path="gfx/items/collectibles/collectibles_249_theresoptions.png" />
		<png path="gfx/items/collectibles/collectibles_250_bogobombs.png" />
		<png path="gfx/items/collectibles/collectibles_251_starterdeck.png" />
		<png path="gfx/items/collectibles/collectibles_252_littlebaggy.png" />
		<png path="gfx/items/collectibles/collectibles_253_magicscab.png" />
		<png path="gfx/items/collectibles/collectibles_254_bloodclot.png" />
		<png path="gfx/items/collectibles/collectibles_255_screw.png" />
		<png path="gfx/items/collectibles/collectibles_256_hotbombs.png" />
		<png path="gfx/items/collectibles/collectibles_257_firemind.png" />
		<png path="gfx/items/collectibles/collectibles_258_missingno.png" />
		<png path="gfx/items/collectibles/collectibles_259_darkmatter.png" />
		<png path="gfx/items/collectibles/collectibles_260_blackcandle.png" />
		<png path="gfx/items/collectibles/collectibles_261_proptosis.png" />
		<png path="gfx/items/collectibles/collectibles_262_missingpage2.png" />
		<png path="gfx/items/collectibles/collectibles_264_smartfly.png" />
		<png path="gfx/items/collectibles/collectibles_265_drybaby.png" />
		<png path="gfx/items/collectibles/collectibles_266_juicysack.png" />
		<png path="gfx/items/collectibles/collectibles_267_robobaby2.png" />
		<png path="gfx/items/collectibles/collectibles_268_rottenbaby.png" />
		<png path="gfx/items/collectibles/collectibles_269_headlessbaby.png" />
		<png path="gfx/items/collectibles/collectibles_270_leech.png" />
		<png path="gfx/items/collectibles/collectibles_271_mysterysack.png" />
		<png path="gfx/items/collectibles/collectibles_272_bff.png" />
		<png path="gfx/items/collectibles/collectibles_273_bobsbrain.png" />
		<png path="gfx/items/collectibles/collectibles_274_bestbud.png" />
		<png path="gfx/items/collectibles/collectibles_275_lilbrimstone.png" />
		<png path="gfx/items/collectibles/collectibles_276_isaacsheart.png" />
		<png path="gfx/items/collectibles/collectibles_277_lilhaunt.png" />
		<png path="gfx/items/collectibles/collectibles_278_darkbum.png" />
		<png path="gfx/items/collectibles/collectibles_279_bigfan.png" />
		<png path="gfx/items/collectibles/collectibles_280_sissylonglegs.png" />
		<png path="gfx/items/collectibles/collectibles_281_punchingbag.png" />
		<png path="gfx/items/collectibles/collectibles_283_d100.png" />
		<png path="gfx/items/collectibles/collectibles_284_d4.png" />
		<png path="gfx/items/collectibles/collectibles_285_d10.png" />
		<png path="gfx/items/collectibles/collectibles_286_blankcard.png" />
		<png path="gfx/items/collectibles/collectibles_287_bookofsecrets.png" />
		<png path="gfx/items/collectibles/collectibles_288_boxofspiders.png" />
		<png path="gfx/items/collectibles/collectibles_289_redcandle.png" />
		<png path="gfx/items/collectibles/collectibles_290_thejar.png" />
		<png path="gfx/items/collectibles/collectibles_291_flush.png" />
		<png path="gfx/items/collectibles/collectibles_292_satanicbible.png" />
		<png path="gfx/items/collectibles/collectibles_293_headofkrampus.png" />
		<png path="gfx/items/collectibles/collectibles_294_butterbean.png" />
		<png path="gfx/items/collectibles/collectibles_295_magicfingers.png" />
		<png path="gfx/items/collectibles/collectibles_296_converter.png" />
		<png path="gfx/items/collectibles/collectibles_297_bluebox.png" />
		<png path="gfx/items/collectibles/collectibles_298_unicornstump.png" />
		<png path="gfx/items/collectibles/collectibles_299_taurus.png" />
		<png path="gfx/items/collectibles/collectibles_300_aries.png" />
		<png path="gfx/items/collectibles/collectibles_301_cancer.png" />
		<png path="gfx/items/collectibles/collectibles_302_leo.png" />
		<png path="gfx/items/collectibles/collectibles_303_virgo.png" />
		<png path="gfx/items/collectibles/collectibles_304_libra.png" />
		<png path="gfx/items/collectibles/collectibles_305_scorpio.png" />
		<png path="gfx/items/collectibles/collectibles_306_sagittarius.png" />
		<png path="gfx/items/collectibles/collectibles_307_capricorn.png" />
		<png path="gfx/items/collectibles/collectibles_308_aquarius.png" />
		<png path="gfx/items/collectibles/collectibles_309_pisces.png" />
		<png path="gfx/items/collectibles/collectibles_310_evesmascara.png" />
		<png path="gfx/items/collectibles/collectibles_311_judasshadow.png" />
		<png path="gfx/items/collectibles/collectibles_312_maggysbow.png" />
		<png path="gfx/items/collectibles/collectibles_313_holymantle.png" />
		<png path="gfx/items/collectibles/collectibles_314_thunderthighs.png" />
		<png path="gfx/items/collectibles/collectibles_315_strangeattractor.png" />
		<png path="gfx/items/collectibles/collectibles_316_cursedeye.png" />
		<png path="gfx/items/collectibles/collectibles_317_mysteriousliquid.png" />
		<png path="gfx/items/collectibles/collectibles_318_gemini.png" />
		<png path="gfx/items/collectibles/collectibles_319_cainseye.png" />
		<png path="gfx/items/collectibles/collectibles_320_bluebabysonlyfriend.png" />
		<png path="gfx/items/collectibles/collectibles_321_samsonschains.png" />
		<png path="gfx/items/collectibles/collectibles_322_mongobaby.png" />
		<png path="gfx/items/collectibles/collectibles_323_isaacstears.png" />
		<png path="gfx/items/collectibles/collectibles_324_Undefined.png" />
		<png path="gfx/items/collectibles/collectibles_325_scissors.png" />
		<png path="gfx/items/collectibles/collectibles_326_breathoflife.png" />
		<png path="gfx/items/collectibles/collectibles_327_thepolaroid.png" />
		<png path="gfx/items/collectibles/collectibles_328_thenegative.png" />
		<png path="gfx/items/collectibles/collectibles_329_theludovicotechnique.png" />
		<png path="gfx/items/collectibles/collectibles_330_soymilk.png" />
		<png path="gfx/items/collectibles/collectibles_331_godhead.png" />
		<png path="gfx/items/collectibles/collectibles_332_lazarusrags.png" />
		<png path="gfx/items/collectibles/collectibles_333_mind.png" />
		<png path="gfx/items/collectibles/collectibles_334_body.png" />
		<png path="gfx/items/collectibles/collectibles_335_soul.png" />
		<png path="gfx/items/collectibles/collectibles_336_deadonion.png" />
		<png path="gfx/items/collectibles/collectibles_337_brokenwatch.png" />
		<png path="gfx/items/collectibles/collectibles_338_boomerang.png" />
		<png path="gfx/items/collectibles/collectibles_339_SafetyPin.png" />
		<png path="gfx/items/collectibles/collectibles_340_CaffeinePill.png" />
		<png path="gfx/items/collectibles/collectibles_341_TornPhoto.png" />
		<png path="gfx/items/collectibles/collectibles_342_BlueCap.png" />
		<png path="gfx/items/collectibles/collectibles_343_LatchKey.png" />
		<png path="gfx/items/collectibles/collectibles_344_MatchBook.png" />
		<png path="gfx/items/collectibles/collectibles_345_Synthoil.png" />
		<png path="gfx/items/collectibles/collectibles_346_ASnack.png" />
		<png path="gfx/items/trinkets/trinket_001_swallowedpenny.png" />
		<png path="gfx/items/trinkets/trinket_002_petrifiedpoop.png" />
		<png path="gfx/items/trinkets/trinket_003_aaabattery.png" />
		<png path="gfx/items/trinkets/trinket_004_brokenremote.png" />
		<png path="gfx/items/trinkets/trinket_005_purpleheart.png" />
		<png path="gfx/items/trinkets/trinket_006_brokenmagnet.png" />
		<png path="gfx/items/trinkets/trinket_007_rosarybead.png" />
		<png path="gfx/items/trinkets/trinket_008_cartridge.png" />
		<png path="gfx/items/trinkets/trinket_009_pulseworm.png" />
		<png path="gfx/items/trinkets/trinket_010_wiggleworm.png" />
		<png path="gfx/items/trinkets/trinket_011_ringworm.png" />
		<png path="gfx/items/trinkets/trinket_012_flatworm.png" />
		<png path="gfx/items/trinkets/trinket_013_storecredit.png" />
		<png path="gfx/items/trinkets/trinket_014_callus.png" />
		<png path="gfx/items/trinkets/trinket_015_luckyrock.png" />
		<png path="gfx/items/trinkets/trinket_016_momstoenail.png" />
		<png path="gfx/items/trinkets/trinket_017_blacklipstick.png" />
		<png path="gfx/items/trinkets/trinket_018_bibletract.png" />
		<png path="gfx/items/trinkets/trinket_019_paperclip.png" />
		<png path="gfx/items/trinkets/trinket_020_monkeypaw.png" />
		<png path="gfx/items/trinkets/trinket_021_mysteriouspaper.png" />
		<png path="gfx/items/trinkets/trinket_022_daemonstail.png" />
		<png path="gfx/items/trinkets/trinket_023_missingposter.png" />
		<png path="gfx/items/trinkets/trinket_024_buttpenny.png" />
		<png path="gfx/items/trinkets/trinket_025_mysteriouscandy.png" />
		<png path="gfx/items/trinkets/trinket_026_hookworm.png" />
		<png path="gfx/items/trinkets/trinket_027_whipworm.png" />
		<png path="gfx/items/trinkets/trinket_028_brokenankh.png" />
		<png path="gfx/items/trinkets/trinket_029_fishhead.png" />
		<png path="gfx/items/trinkets/trinket_030_pinkyeye.png" />
		<png path="gfx/items/trinkets/trinket_031_pushpin.png" />
		<png path="gfx/items/trinkets/trinket_032_libertycap.png" />
		<png path="gfx/items/trinkets/trinket_033_umbilicalcord.png" />
		<png path="gfx/items/trinkets/trinket_034_childsheart.png" />
		<png path="gfx/items/trinkets/trinket_035_curvedhorn.png" />
		<png path="gfx/items/trinkets/trinket_036_rustedkey.png" />
		<png path="gfx/items/trinkets/trinket_037_goathoof.png" />
		<png path="gfx/items/trinkets/trinket_038_momspearl.png" />
		<png path="gfx/items/trinkets/trinket_039_cancer.png" />
		<png path="gfx/items/trinkets/trinket_040_redpatch.png" />
		<png path="gfx/items/trinkets/trinket_041_matchstick.png" />
		<png path="gfx/items/trinkets/trinket_042_luckytoe.png" />
		<png path="gfx/items/trinkets/trinket_043_cursedskull.png" />
		<png path="gfx/items/trinkets/trinket_044_safetycap.png" />
		<png path="gfx/items/trinkets/trinket_045_aceofspades.png" />
		<png path="gfx/items/trinkets/trinket_046_isaacsfork.png" />
		<png path="gfx/items/trinkets/trinket_047_thepolaroid.png" />
		<png path="gfx/items/trinkets/trinket_048_amissingpage.png" />
		<png path="gfx/items/trinkets/trinket_049_bloodypenny.png" />
		<png path="gfx/items/trinkets/trinket_050_burntpenny.png" />
		<png path="gfx/items/trinkets/trinket_051_flatpenny.png" />
		<png path="gfx/items/trinkets/trinket_052_counterfeitpenny.png" />
		<png path="gfx/items/trinkets/trinket_053_tick.png" />
		<png path="gfx/items/trinkets/trinket_054_isaacshead.png" />
		<png path="gfx/items/trinkets/trinket_055_maggysfaith.png" />
		<png path="gfx/items/trinkets/trinket_056_judastongue.png" />
		<png path="gfx/items/trinkets/trinket_057_qmarkssoul.png" />
		<png path="gfx/items/trinkets/trinket_058_samsonslock.png" />
		<png path="gfx/items/trinkets/trinket_059_cainseye.png" />
		<png path="gfx/items/trinkets/trinket_060_evesbirdfoot.png" />
		<png path="gfx/items/trinkets/trinket_061_thelefthand.png" />
	</preload>
</preloads>
