<minibosses>
	<miniboss id="2000" name="Wrath" />
	<miniboss id="2010" name="Gluttony" />
	<miniboss id="2020" name="Lust" />
	<miniboss id="2030" name="Sloth" />
	<miniboss id="2040" name="Greed" />
	<miniboss id="2050" name="Envy" />
	<miniboss id="2060" name="Pride" />
	<miniboss id="2100" name="Super Wrath" />
	<miniboss id="2110" name="Super Gluttony" />
	<miniboss id="2120" name="Super Lust" />
	<miniboss id="2130" name="Super Sloth" />
	<miniboss id="2140" name="Super Greed" />
	<miniboss id="2150" name="Super Envy" />
	<miniboss id="2160" name="Super Pride" />
	<miniboss id="2260" name="Ultra Pride" />
	<miniboss id="2300" name="Krampus" />
</minibosses>
