<sounds root="sfx/">
	<sound id="1">
		<sample weight="1" path="Feedback/1 up theremin.wav" />
	</sound>
	<sound id="2">
		<sample weight="1" path="bird flap.wav" />
		<sample weight="1" path="bird flap 2.wav" />
		<sample weight="1" path="bird flap 3.wav" />
	</sound>
	<sound id="3">
		<sample weight="1" path="blobby wiggle.wav" />
		<sample weight="1" path="blobby wiggle 2.wav" />
		<sample weight="1" path="blobby wiggle 3.wav" />
	</sound>
	<sound id="4">
		<sample weight="1" path="Loops/insect swarm.wav" />
	</sound>
	<sound id="5">
		<sample weight="1" path="blood laser short.wav" />
		<sample weight="1" path="blood laser short 2.wav" />
	</sound>
	<sound id="7">
		<sample weight="1" path="blood laser long.wav" />
	</sound>
	<sound id="8">
		<sample weight="1" path="Feedback/book page turn.wav" />
	</sound>
	<sound id="9">
		<sample weight="1" path="boss bug hiss.wav" />
	</sound>
	<sound id="11">
		<sample weight="1" path="boss gurgle roar.wav" />
	</sound>
	<sound id="12">
		<sample weight="1" path="boss gurgle lite.wav" />
	</sound>
	<sound id="13">
		<sample weight="1" path="boss lite hiss.wav" />
		<sample weight="1" path="boss lite hiss 2.wav" />
		<sample weight="1" path="boss lite hiss 3.wav" />
	</sound>
	<sound id="14">
		<sample weight="1" path="boss lite roar 1.wav" />
		<sample weight="1" path="boss lite roar 2.wav" />
		<sample weight="1" path="boss lite roar 3.wav" />
		<sample weight="1" path="boss lite roar 4.wav" />
	</sound>
	<sound id="15">
		<sample weight="1" path="boss lite sloppy roar.wav" />
		<sample weight="1" path="boss lite sloppy roar 2.wav" />
		<sample weight="1" path="boss lite sloppy roar 3.wav" />
	</sound>
	<sound id="16">
		<sample weight="1" path="boss spit blob barf 1.wav" />
		<sample weight="1" path="boss spit blob barf 2.wav" />
		<sample weight="1" path="boss spit blob barf 3.wav" />
	</sound>
	<sound id="21">
		<sample weight="1" path="Feedback/chest drop 1.wav" />
	</sound>
	<sound id="22">
		<sample weight="1" path="Feedback/chest open 1.wav" />
	</sound>
	<sound id="23">
		<sample weight="1" path="Feedback/choir.wav" />
	</sound>
	<sound id="24">
		<sample weight="1" path="Feedback/coin slot.wav" />
	</sound>
	<sound id="25">
		<sample weight="1" path="cute grunt.wav" />
		<sample weight="1" path="cute grunt 2.wav" />
		<sample weight="1" path="cute grunt 3.wav" />
	</sound>
	<sound id="28">
		<sample weight="1" path="death burst.wav" />
		<sample weight="1" path="death burst 2.wav" />
	</sound>
	<sound id="30">
		<sample weight="1" path="death burst small.wav" />
		<sample weight="1" path="death burst small 2.wav" />
		<sample weight="1" path="death burst small 3.wav" />
	</sound>
	<sound id="33">
		<sample weight="1" path="Feedback/death card mix.wav" />
	</sound>
	<sound id="34">
		<!--<sample weight="1" path="devil_card.wav" />-->
		<sample weight="1" path="Feedback/death card mix.wav" />
	</sound>
	<sound id="35">
		<sample weight="1" path="Feedback/door heavy close.wav" />
	</sound>
	<sound id="36">
		<sample weight="1" path="Feedback/door heavy open.wav" />
	</sound>
	<sound id="37">
		<sample weight="1" path="fart.wav" />
		<sample weight="1" path="fart 2.wav" />
		<sample weight="1" path="fart 3.wav" />
		<sample weight="1" path="fart 4.wav" />
		<sample weight="1" path="fart 5.wav" />
	</sound>
	<sound id="38">
		<sample weight="1" path="fetus jump.wav" />
		<sample weight="1" path="fetus jump 1.wav" />
	</sound>
	<sound id="40">
		<sample weight="1" path="fetus land.wav" />
		<sample weight="1" path="fetus land 1.wav" />
	</sound>
	<sound id="43">
		<sample weight="1" path="firedeath hiss.wav" />
	</sound>
	<sound id="44">
		<sample weight="1" path="floaty baby roar.wav" />
		<sample weight="1" path="floaty baby roar 2.wav" />
	</sound>
	<sound id="48">
		<sample weight="1" path="forest boss stomp.wav" />
		<sample weight="1" path="forest boss stomp 2.wav" />
		<sample weight="1" path="forest boss stomp 3.wav" />
	</sound>
	<sound id="51">
		<sample weight="1" path="gascan pour.wav" />
	</sound>
	<sound id="52">
		<sample weight="1" path="hellboss ground pound.wav" />
		<sample weight="1" path="hellboss ground pound 2.wav" />
	</sound>
	<sound id="54">
		<sample weight="1" path="Feedback/holy!.wav" />
	</sound>
	<sound id="55">
		<sample weight="1" path="Player/hurt grunt .wav" />
		<sample weight="1" path="Player/hurt grunt 1.wav" />
		<sample weight="1" path="Player/hurt grunt 2.wav" />
	</sound>
	<sound id="56">
		<sample weight="1" path="child happy roar short.wav" />
		<sample weight="1" path="child happy roar short 2.wav" />
		<sample weight="1" path="child angry roar short.wav" />
	</sound>
	<sound id="57">
		<sample weight="1" path="child angry roar 1.wav" />
		<sample weight="1" path="child angry roar 2.wav" />
	</sound>
	<sound id="58">
		<sample weight="1" path="Feedback/key pickup guantlet 4.wav" />
	</sound>
	<sound id="59">
		<sample weight="1" path="Feedback/key drop 2.wav" />
	</sound>
	<sound id="60">
		<sample weight="1" path="Player/baby hurt 1.wav" />
		<sample weight="1" path="Player/baby hurt 2.wav" />
		<sample weight="1" path="Player/baby hurt 3.wav" />
	</sound>
	<sound id="64">
		<sample weight="1" path="maggot burst out.wav" />
		<sample weight="1" path="maggot burst out 2.wav" />
	</sound>
	<sound id="66">
		<sample weight="1" path="maggot enter ground .wav" />
		<sample weight="1" path="maggot enter ground 1.wav" />
	</sound>
	<sound id="68">
		<sample weight="1" path="meat feet slow.wav" />
	</sound>
	<sound id="69">
		<sample weight="1" path="meat impact.wav" />
		<sample weight="1" path="meat impacts 2.wav" />
		<sample weight="1" path="meat impacts 3.wav" />
	</sound>
	<sound id="72">
		<sample weight="1" path="meat jumps0.wav" />
		<sample weight="1" path="meat jumps 1.wav" />
		<sample weight="1" path="meat jumps 2.wav" />
	</sound>
	<sound id="77">
		<sample weight="1" path="meaty deaths 0.wav" />
		<sample weight="1" path="meaty deaths 1.wav" />
		<sample weight="1" path="meaty deaths 2.wav" />
		<sample weight="1" path="meaty deaths 3.wav" />
		<sample weight="1" path="meaty deaths 4.wav" />
	</sound>
	<sound id="82">
		<sample weight="1" path="Mom/vox death.wav" />
	</sound>
	<sound id="84">
		<sample weight="1" path="Mom/evil laugh.wav" />
	</sound>
	<sound id="85">
		<sample weight="1" path="Mom/filter death 1.wav" />
	</sound>
	<sound id="86">
		<sample weight="1" path="Mom/filter evil laugh.wav" />
	</sound>
	<sound id="87">
		<sample weight="1" path="Mom/filter hurt.wav" />
		<sample weight="1" path="Mom/filter hurt 1.wav" />
		<sample weight="1" path="Mom/filter hurt 2.wav" />
	</sound>
	<sound id="90">
		<sample weight="1" path="Mom/mom muffle.wav" />
		<sample weight="1" path="Mom/mom muffle 2.wav" />
		<sample weight="1" path="Mom/mom muffle 3.wav" />
		<sample weight="1" path="Mom/mom muffle 4.wav" />
	</sound>
	<sound id="93">
		<sample weight="1" path="Mom/grunt.wav" />
		<sample weight="1" path="Mom/grunt 2.wav" />
		<sample weight="1" path="Mom/grunt 3.wav" />
		<sample weight="1" path="Mom/grunt 4.wav" />
	</sound>
	<sound id="97">
		<sample weight="1" path="Mom/hurt 1.wav" />
		<sample weight="1" path="Mom/hurt 2.wav" />
		<sample weight="1" path="Mom/hurt 3.wav" />
	</sound>
	<sound id="101">
		<sample weight="1" path="Mom/mom.wav" />
		<sample weight="1" path="Mom/mom2.wav" />
		<sample weight="1" path="Mom/mom3.wav" />
	</sound>
	<sound id="104">
		<sample weight="1" path="monster grunt.wav" />
		<sample weight="1" path="monster grunt b.wav" />
	</sound>
	<sound id="106">
		<sample weight="1" path="monster grunt 1a.wav" />
		<sample weight="1" path="monster grunt 1b.wav" />
	</sound>
	<sound id="108">
		<sample weight="1" path="monster grunt 2a.wav" />
		<sample weight="1" path="monster grunt 2b.wav" />
	</sound>
	<sound id="112">
		<sample weight="1" path="monster grunt 4a.wav" />
		<sample weight="1" path="monster grunt 4 b.wav" />
	</sound>
	<sound id="114">
		<sample weight="1" path="monster grunt 5.wav" />
		<sample weight="1" path="monster grunt 5b.wav" />
	</sound>
	<sound id="115">
		<sample weight="1" path="monster roar.wav" />
		<sample weight="1" path="monster roar 1.wav" />
	</sound>
	<sound id="116">
		<sample weight="1" path="monster roar 2.wav" />
		<sample weight="1" path="monster roar 3.wav" />
	</sound>
	<sound id="117">
		<sample weight="1" path="monster roar 4.wav" />
		<sample weight="1" path="monster roar 5.wav" />
	</sound>
	<sound id="118">
		<sample weight="1" path="monster roar 7.wav" />
		<sample weight="1" path="monster roar 8.wav" />
	</sound>
	<sound id="119">
		<sample weight="1" path="monster yell 1.wav" />
		<sample weight="1" path="monster yell 2.wav" />
	</sound>
	<sound id="122">
		<sample weight="1" path="monster yell b1.wav" />
		<sample weight="1" path="monster yell b5.wav" />
	</sound>
	<sound id="128">
		<sample weight="1" path="Feedback/power up1.wav" />
	</sound>
	<sound id="129">
		<sample weight="1" path="Feedback/power up 3.wav" />
		<sample weight="1" path="Feedback/power up 4.wav" />
	</sound>
	<sound id="130">
		<sample weight="1" path="Feedback/power up 7.wav" />
	</sound>
	<sound id="132">
		<sample weight="1" path="Feedback/power up spewer.wav" />
	</sound>
	<sound id="133">
		<sample weight="1" path="red lightning zap1.wav" />
		<sample weight="1" path="red lightning zap 2.wav" />
		<sample weight="1" path="red lightning zap 3.wav" />
	</sound>
	<sound id="137">
		<sample weight="1" path="rock crumble 0.wav" />
		<sample weight="1" path="rock crumble 2.wav" />
		<sample weight="1" path="rock crumble 3.wav" />
	</sound>
	<sound id="138">
		<sample weight="1" path="pot breaking sound.wav" />
		<sample weight="1" path="pot breaking sound 2.wav" />
		<sample weight="1" path="pot breaking sound 3.wav" />
	</sound>
	<sound id="139">
		<sample weight="1" path="mushroom poof.wav" />
		<sample weight="1" path="mushroom poof 2.wav" />
	</sound>
	<sound id="141">
		<sample weight="1" path="rocket blast death 1.wav" />
	</sound>
	<sound id="142">
		<sample weight="1" path="large chew.wav" />
	</sound>
	<sound id="143">
		<sample weight="1" path="scared whimper.wav" />
		<sample weight="1" path="scared whimper 2.wav" />
	</sound>
	<sound id="146">
		<sample weight="1" path="shakey kid roar.wav" />
		<sample weight="1" path="shakey kid roar 2.wav" />
	</sound>
	<sound id="149">
		<sample weight="1" path="sink drain gurgle.wav" />
	</sound>
	<sound id="150">
		<sample weight="1" path="tear block.wav" />
	</sound>
	<sound id="153">
		<sample weight="1" path="tear fire 4.wav" />
		<sample weight="1" path="tear fire 5.wav" />
	</sound>
	<sound id="156">
		<sample weight="1" path="Feedback/unlock.wav" />
	</sound>
	<sound id="157">
		<sample weight="1" path="vamp.wav" />
	</sound>
	<sound id="158">
		<sample weight="1" path="fly cough.wav" />
		<sample weight="1" path="fly cough 2.wav" />
		<sample weight="1" path="fly cough 3.wav" />
		<sample weight="1" path="fly cough 4.wav" />
	</sound>
	<sound id="159">
		<sample weight="1" path="spider coughs.wav" />
	</sound>
	<sound id="165">
		<sample weight="1" path="zombie walker kid.wav" />
		<sample weight="1" path="zombie walker kid 2.wav" />
	</sound>
	<sound id="166">
		<sample weight="1" path="animal squish.wav" />
		<sample weight="1" path="animal squish 1.wav" />
		<sample weight="1" path="animal squish 2.wav" />
	</sound>
	<sound id="167">
		<sample weight="1" path="angry gurgle 1.wav" />
		<sample weight="1" path="angry gurgle 2.wav" />
	</sound>
	<sound id="169">
		<sample weight="1" path="Feedback/band aid pick up.wav" />
	</sound>
	<sound id="170">
		<sample weight="1" path="Feedback/battery charge.wav" />
	</sound>
	<sound id="171">
		<sample weight="1" path="Feedback/beep.wav" />
	</sound>
	<sound id="175">
		<sample weight="1" path="Feedback/blood bank spawn.wav" />
	</sound>
	<sound id="178">
		<sample weight="1" path="blood fire.wav" />
		<sample weight="1" path="blood fire 2.wav" />
		<sample weight="1" path="blood fire 3.wav" />
		<sample weight="1" path="blood fire 4.wav" />
	</sound>
	<sound id="181">
		<sample weight="1" path="boil hatch.wav" />
	</sound>
	<sound id="182">
		<sample weight="1" path="boss explosions 0.wav" />
		<sample weight="1" path="boss explosions 1.wav" />
		<sample weight="1" path="boss expolsions 2.wav" />
	</sound>
	<sound id="185">
		<sample weight="1" path="boss 2 bubbles.wav" />
		<sample weight="1" path="boss 2 bubbles 1.wav" />
	</sound>
	<sound id="187">
		<sample weight="1" path="Feedback/boss 2 intro errorbuzz.wav" />
	</sound>
	<sound id="190">
		<sample weight="1" path="Feedback/castleportcullis.wav" />
	</sound>
	<sound id="194">
		<sample weight="1" path="Feedback/character select left.wav" />
	</sound>
	<sound id="195">
		<sample weight="1" path="Feedback/character select right.wav" />
	</sound>
	<sound id="197">
		<sample weight="1" path="Player/derp 0.wav" />
		<sample weight="1" path="Player/derp 1.wav" />
	</sound>
	<sound id="198">
		<sample weight="1" path="Feedback/dime drop.wav" />
	</sound>
	<sound id="199">
		<sample weight="1" path="Feedback/dime pick up.wav" />
	</sound>
	<sound id="201">
		<sample weight="1" path="fetus feet.wav" />
		<sample weight="1" path="fetus feet 2.wav" />
	</sound>
	<sound id="204">
		<sample weight="1" path="Feedback/golden key.wav" />
	</sound>
	<sound id="205">
		<sample weight="1" path="goo attach 1.wav" />
		<sample weight="1" path="goo attach 2.wav" />
	</sound>
	<sound id="207">
		<sample weight="1" path="goo death 0.wav" />
		<sample weight="1" path="goo death 1.wav" />
		<sample weight="1" path="goo death 2.wav" />
	</sound>
	<sound id="211">
		<sample weight="1" path="Satan/hand laser.wav" />
	</sound>
	<sound id="212">
		<sample weight="1" path="heartin.wav" />
	</sound>
	<sound id="213">
		<sample weight="1" path="heart out.wav" />
	</sound>
	<sound id="214">
		<sample weight="1" path="Feedback/hell portal.wav" />
	</sound>
	<sound id="215">
		<sample weight="1" path="Feedback/hell portal 2.wav" />
	</sound>
	<sound id="217">
		<sample weight="1" path="Player/isaac dies new.wav" />
		<sample weight="1" path="Player/isaac dies new 1.wav" />
		<sample weight="1" path="Player/isaac dies new 2.wav" />
	</sound>
	<sound id="218">
		<sample weight="1" path="Feedback/battery charge.wav" />
	</sound>
	<sound id="219">
		<sample weight="1" path="kiss lips .wav" />
	</sound>
	<sound id="221">
		<sample weight="1" path="leech.wav" />
		<sample weight="1" path="leech 2.wav" />
	</sound>
	<sound id="224">
		<sample weight="1" path="maggot1.wav" />
		<sample weight="1" path="maggot 2.wav" />
	</sound>
	<sound id="226">
		<sample weight="1" path="meat head shoot.wav" />
		<sample weight="1" path="meat head shoot 1.wav" />
		<sample weight="1" path="meat head shoot 2.wav" />
	</sound>
	<sound id="229">
		<sample weight="1" path="Feedback/lock break 1.wav" />
		<sample weight="1" path="Feedback/lock break 3.wav" />
	</sound>
	<sound id="231">
		<sample weight="1" path="Feedback/nickel drop.wav" />
	</sound>
	<sound id="232">
		<sample weight="1" path="Feedback/nickel pickup.wav" />
	</sound>
	<sound id="233">
		<sample weight="1" path="Feedback/penny drop 1.wav" />
	</sound>
	<sound id="234">
		<sample weight="1" path="Feedback/penny pickup 1.wav" />
	</sound>
	<sound id="237">
		<sample weight="1" path="plop.wav" />
	</sound>
	<sound id="238">
		<sample weight="1" path="Satan/satan appear.wav" />
	</sound>
	<sound id="239">
		<sample weight="1" path="Satan/satan blast 1.wav" />
		<sample weight="1" path="Satan/satan blast 2.wav" />
	</sound>
	<sound id="240">
		<sample weight="1" path="Satan/satan charge up.wav" />
		<sample weight="1" path="Satan/satan charge up 2.wav" />
	</sound>
	<sound id="241">
		<sample weight="1" path="Satan/satan grow.wav" />
	</sound>
	<sound id="242">
		<sample weight="1" path="Satan/satan hurt.wav" />
	</sound>
	<sound id="243">
		<sample weight="1" path="Satan/satan rise up.wav" />
	</sound>
	<sound id="245">
		<sample weight="1" path="Satan/satan spit.wav" />
		<sample weight="1" path="Satan/satan spit 2.wav" />
		<sample weight="1" path="Satan/satan spit 3.wav" />
	</sound>
	<sound id="246">
		<sample weight="1" path="Satan/satan stomp.wav" />
		<sample weight="1" path="Satan/satan stomp 2.wav" />
		<sample weight="1" path="Satan/satan stomp 3.wav" />
	</sound>
	<sound id="249">
		<sample weight="1" path="scamper 1.wav" />
		<sample weight="1" path="scamper 2.wav" />
	</sound>
	<sound id="252">
		<sample weight="1" path="shell game 0.wav" />
		<sample weight="1" path="shell game 1.wav" />
	</sound>
	<sound id="255">
		<sample weight="1" path="Feedback/slotspawn 0.wav" />
		<sample weight="1" path="Feedback/slotspawn1.wav" />
		<sample weight="1" path="Feedback/slotspawn 2.wav" />
	</sound>
	<sound id="258">
		<sample weight="1" path="splatter 0.wav" />
		<sample weight="1" path="splatter 1.wav" />
		<sample weight="1" path="splatter 2.wav" />
	</sound>
	<sound id="261">
		<sample weight="1" path="steam half sec.wav" />
	</sound>
	<sound id="262">
		<sample weight="1" path="stone shoot .wav" />
		<sample weight="1" path="stone shoot 1.wav" />
		<sample weight="1" path="stone shoot 2.wav" />
	</sound>
	<sound id="263">
		<sample weight="1" path="wierd worm spit1.wav" />
		<sample weight="1" path="wierd worm spit2.wav" />
		<sample weight="1" path="wierd worm spit3.wav" />
	</sound>
	<sound id="265">
		<sample weight="1" path="Feedback/summonsound.wav" />
	</sound>
	<sound id="266">
		<sample weight="1" path="Feedback/superholy.wav" />
	</sound>
	<sound id="267">
		<sample weight="1" path="Feedback/thumbs down.wav" />
	</sound>
	<sound id="268">
		<sample weight="1" path="Feedback/thumbs up.wav" />
	</sound>
	<sound id="269">
		<sample weight="1" path="Loops/fire burning.wav" />
	</sound>
	<sound id="270">
		<sample weight="1" path="Feedback/happy rainbow with giggle.wav" />
	</sound>
	<sound id="300">
		<sample weight="1" path="boo mad.wav" />
	</sound>
	<sound id="301">
		<sample weight="1" path="fart gurg.wav" />
		<sample weight="1" path="fart gurg 2.wav" />
	</sound>
	<sound id="302">
		<sample weight="1" path="fat grunt 1.wav" />
		<sample weight="1" path="fat grunt 2.wav" />
	</sound>
	<sound id="303">
		<sample weight="1" path="fat wiggle.wav" />
	</sound>
	<sound id="304">
		<sample weight="1" path="fire rush.wav" />
	</sound>
	<sound id="305">
		<sample weight="1" path="ghost roar.wav" />
	</sound>
	<sound id="306">
		<sample weight="1" path="ghost shoot 1.wav" />
		<sample weight="1" path="ghost shoot 2.wav" />
	</sound>
	<sound id="307">
		<sample weight="1" path="growl.wav" />
	</sound>
	<sound id="308">
		<sample weight="1" path="gurgbarf1.wav" />
		<sample weight="1" path="gurgbarf 2.wav" />
	</sound>
	<sound id="309">
		<sample weight="1" path="inhale.wav" />
	</sound>
	<sound id="310">
		<sample weight="1" path="low inhale.wav" />
	</sound>
	<sound id="311">
		<sample weight="1" path="megapuke.wav" />
	</sound>
	<sound id="312">
		<sample weight="1" path="mouth full.wav" />
	</sound>
	<sound id="313">
		<sample weight="1" path="mulit scream.wav" />
		<sample weight="1" path="multi scream.wav" />
	</sound>
	<sound id="314">
		<sample weight="1" path="skin pull 1.wav" />
		<sample weight="1" path="skin pull 2.wav" />
		<sample weight="1" path="skin pull 3.wav" />
	</sound>
	<sound id="315">
		<sample weight="1" path="ding whistle whistle.wav" />
	</sound>
	<sound id="316">
		<sample weight="1" path="death skull dying.wav" />
	</sound>
	<sound id="317">
		<sample weight="1" path="spider spit roar 0.wav" />
		<sample weight="1" path="spider spit roar 1.wav" />
		<sample weight="1" path="spider spit roar 2.wav" />
	</sound>
	<sound id="318">
		<sample weight="1" path="worm spit 1.wav" />
		<sample weight="1" path="worm spit 2.wav" />
		<sample weight="1" path="worm spit 3.wav" />
	</sound>
	<sound id="319">
		<sample weight="1" path="little spit 1.wav" />
		<sample weight="1" path="little spit 2.wav" />
		<sample weight="1" path="little spit 4.wav" />
	</sound>
	<sound id="320">
		<sample weight="1" path="Feedback/satan room appear.wav" />
	</sound>
	<sound id="321">
		<sample weight="1" path="heartbeat.wav" />
	</sound>
	<sound id="322">
		<sample weight="1" path="heartbeat faster.wav" />
	</sound>
	<sound id="323">
		<sample weight="1" path="heartbeat fastest.wav" />
	</sound>
	<sound id="324">
		<sample weight="1" path="Voiceover/48 Hr Energy 6.wav" />
	</sound>
	<sound id="325">
		<sample weight="1" path="Voiceover/Algiz 3.wav" />
	</sound>
	<sound id="326">
		<sample weight="1" path="Voiceover/Amnesia 2.wav" />
	</sound>
	<sound id="327">
		<sample weight="1" path="Voiceover/Ansuz 1.wav" />
	</sound>
	<sound id="328">
		<sample weight="1" path="Voiceover/Bad Gas 2.wav" />
	</sound>
	<sound id="329">
		<sample weight="1" path="Voiceover/Bad Trip 1.wav" />
	</sound>
	<sound id="330">
		<sample weight="1" path="Voiceover/Balls of Steel 4.wav" />
	</sound>
	<sound id="331">
		<sample weight="1" path="Voiceover/Berkano 3.wav" />
	</sound>
	<sound id="332">
		<sample weight="1" path="Voiceover/Bombs Are Key 1.wav" />
	</sound>
	<sound id="333">
		<sample weight="1" path="Voiceover/Card Against Humanity 3.wav" />
	</sound>
	<sound id="334">
		<sample weight="1" path="Voiceover/Chaos Card 2.wav" />
	</sound>
	<sound id="335">
		<sample weight="1" path="Voiceover/Credit Card 2.wav" />
	</sound>
	<sound id="336">
		<sample weight="1" path="Voiceover/Dagaz 3.wav" />
	</sound>
	<sound id="337">
		<sample weight="1" path="Voiceover/Death 3.wav" />
	</sound>
	<sound id="338">
		<sample weight="1" path="Voiceover/Ehwaz 1.wav" />
	</sound>
	<sound id="339">
		<sample weight="1" path="Voiceover/Explosive Diahhrea 2.wav" />
	</sound>
	<sound id="340">
		<sample weight="1" path="Voiceover/Full Health 1.wav" />
	</sound>
	<sound id="341">
		<sample weight="1" path="Voiceover/Hagalaz 3.wav" />
	</sound>
	<sound id="342">
		<sample weight="1" path="Voiceover/Health Down 2.wav" />
	</sound>
	<sound id="343">
		<sample weight="1" path="Voiceover/Health Up 1.wav" />
	</sound>
	<sound id="344">
		<sample weight="1" path="Voiceover/Hematemisis 1.wav" />
	</sound>
	<sound id="345">
		<sample weight="1" path="Voiceover/I Found Pills 3.wav" />
	</sound>
	<sound id="346">
		<sample weight="1" path="Voiceover/Jera 2.wav" />
	</sound>
	<sound id="347">
		<sample weight="1" path="Voiceover/Joker 3.wav" />
	</sound>
	<sound id="348">
		<sample weight="1" path="Voiceover/Judgement 3.wav" />
	</sound>
	<sound id="349">
		<sample weight="1" path="Voiceover/Justice 3.wav" />
	</sound>
	<sound id="350">
		<sample weight="1" path="Voiceover/Lemon Party 1.wav" />
	</sound>
	<sound id="351">
		<sample weight="1" path="Voiceover/Luck Down 2.wav" />
	</sound>
	<sound id="352">
		<sample weight="1" path="Voiceover/Luck Up 1.wav" />
	</sound>
	<sound id="353">
		<sample weight="1" path="Voiceover/Paralysis 3.wav" />
	</sound>
	<sound id="354">
		<sample weight="1" path="Voiceover/Perthro 1.wav" />
	</sound>
	<sound id="355">
		<sample weight="1" path="Voiceover/Pheromones 2.wav" />
	</sound>
	<sound id="356">
		<sample weight="1" path="Voiceover/Pretty Fly 5.wav" />
	</sound>
	<sound id="357">
		<sample weight="1" path="Voiceover/Puberty 1.wav" />
	</sound>
	<sound id="358">
		<sample weight="1" path="Voiceover/R U A WIZ 2.wav" />
	</sound>
	<sound id="359">
		<sample weight="1" path="Voiceover/Range Down 2.wav" />
	</sound>
	<sound id="360">
		<sample weight="1" path="Voiceover/Range Up 1.wav" />
	</sound>
	<sound id="361">
		<sample weight="1" path="Voiceover/Rules Card 1.wav" />
	</sound>
	<sound id="362">
		<sample weight="1" path="Voiceover/See 4Ever 1.wav" />
		<sample weight="1" path="Voiceover/See 4ever 2.wav" />
	</sound>
	<sound id="363">
		<sample weight="1" path="Voiceover/Speed Down 2.wav" />
	</sound>
	<sound id="364">
		<sample weight="1" path="Voiceover/Speed Up 2.wav" />
	</sound>
	<sound id="365">
		<sample weight="1" path="Voiceover/Strength 1.wav" />
	</sound>
	<sound id="366">
		<sample weight="1" path="Voiceover/Suicide King 3.wav" />
	</sound>
	<sound id="367">
		<sample weight="1" path="Voiceover/Tears Down 5.wav" />
	</sound>
	<sound id="368">
		<sample weight="1" path="Voiceover/Tears Up 2.wav" />
	</sound>
	<sound id="369">
		<sample weight="1" path="Voiceover/Telepills 4.wav" />
	</sound>
	<sound id="370">
		<sample weight="1" path="Voiceover/Temperance 2.wav" />
	</sound>
	<sound id="371">
		<sample weight="1" path="Voiceover/The Chariot 3.wav" />
	</sound>
	<sound id="372">
		<sample weight="1" path="Voiceover/The Devil 2.wav" />
	</sound>
	<sound id="373">
		<sample weight="1" path="Voiceover/The Emporer 1.wav" />
	</sound>
	<sound id="374">
		<sample weight="1" path="Voiceover/The Empress 1.wav" />
	</sound>
	<sound id="375">
		<sample weight="1" path="Voiceover/The Fool 2.wav" />
	</sound>
	<sound id="376">
		<sample weight="1" path="Voiceover/The Hanged Man 1.wav" />
	</sound>
	<sound id="377">
		<sample weight="1" path="Voiceover/The Hermit 1.wav" />
	</sound>
	<sound id="378">
		<sample weight="1" path="Voiceover/The Hierophant 1.wav" />
	</sound>
	<sound id="379">
		<sample weight="1" path="Voiceover/The High Priestess 3.wav" />
	</sound>
	<sound id="380">
		<sample weight="1" path="Voiceover/The Lovers 1.wav" />
	</sound>
	<sound id="381">
		<sample weight="1" path="Voiceover/The Magician 2.wav" />
	</sound>
	<sound id="382">
		<sample weight="1" path="Voiceover/The Moon 3.wav" />
	</sound>
	<sound id="383">
		<sample weight="1" path="Voiceover/The Stars 1.wav" />
	</sound>
	<sound id="384">
		<sample weight="1" path="Voiceover/The Sun 3.wav" />
	</sound>
	<sound id="385">
		<sample weight="1" path="Voiceover/The Tower 3.wav" />
	</sound>
	<sound id="386">
		<sample weight="1" path="Voiceover/The World 1.wav" />
	</sound>
	<sound id="387">
		<sample weight="1" path="Voiceover/Two Of Clubs 2.wav" />
	</sound>
	<sound id="388">
		<sample weight="1" path="Voiceover/Two Of Diamonds 2.wav" />
	</sound>
	<sound id="389">
		<sample weight="1" path="Voiceover/Two Of Hearts 1.wav" />
	</sound>
	<sound id="390">
		<sample weight="1" path="Voiceover/Two Of Spades 1.wav" />
	</sound>
	<sound id="391">
		<sample weight="1" path="Voiceover/Wheel Of Fortune 1.wav" />
	</sound>
	
	<sound id="392">
		<sample weight="1" path="Ragman 1.wav" />
	</sound>
	<sound id="393">
		<sample weight="1" path="Ragman 2.wav" />
	</sound>
	<sound id="394">
		<sample weight="1" path="Ragman 3.wav" />
	</sound>
	<sound id="395">
		<sample weight="1" path="Ragman 4.wav" />
	</sound>
	
	<sound id="396">
		<sample weight="1" path="Flush.wav" />
	</sound>
	<sound id="397">
		<sample weight="1" path="Drip1.wav" />
		<sample weight="1" path="Drop2.wav" />
		<sample weight="1" path="Drop3.wav" />
	</sound>
	<sound id="398">
		<sample weight="1" path="WetFootstep1.wav" />
		<sample weight="1" path="WetFootstep2.wav" />
		<sample weight="1" path="WetFootstep3.wav" />
	</sound>
	
	<sound id="399">
		<sample weight="1" path="Voiceover/Addicted_01.wav" />
	</sound>
	<sound id="400">
		<sample weight="1" path="Voiceover/Dice Shard_04.wav" />
	</sound>
	<sound id="401">
		<sample weight="1" path="Voiceover/Emergency_03.wav" />
	</sound>
	<sound id="402">
		<sample weight="1" path="Voiceover/Infested!_02.wav" />
	</sound>
	<sound id="403">
		<sample weight="1" path="Voiceover/Infested_08.wav" />
	</sound>
	<sound id="404">
		<sample weight="1" path="Voiceover/Jail Card_04.wav" />
	</sound>
	<sound id="405">
		<sample weight="1" path="Voiceover/Larger_03.wav" />
	</sound>
	<sound id="406">
		<sample weight="1" path="Voiceover/Percs1.wav" />
	</sound>
	<sound id="407">
		<sample weight="1" path="Voiceover/Power Pill_09.wav" />
	</sound>
	<sound id="408">
		<sample weight="1" path="Voiceover/Q Mark_05.wav" />
	</sound>
	<sound id="409">
		<sample weight="1" path="Voiceover/Relax 1.wav" />
	</sound>
	<sound id="410">
		<sample weight="1" path="Voiceover/Retro_05.wav" />
	</sound>
	<sound id="411">
		<sample weight="1" path="Voiceover/Small_05.wav" />
	</sound>
	<sound id="412">
		<sample weight="1" path="Voiceover/___.wav" />
		<sample weight="1" path="Voiceover/___-2.wav" />
		<sample weight="1" path="Voiceover/___-3.wav" />
	</sound>
	
	<sound id="413">
		<sample weight="1" path="DangleWhistle.wav" />
	</sound>
	<sound id="414">
		<sample weight="1" path="LittlehornCough.wav" />
	</sound>
	<sound id="415">
		<sample weight="1" path="LittlehornGrunt1.wav" />
	</sound>
	<sound id="416">
		<sample weight="1" path="LittlehornGrunt2.wav" />
	</sound>
	<sound id="417">
		<sample weight="1" path="TheForsakenLaugh.wav" />
	</sound>
	<sound id="418">
		<sample weight="1" path="TheForsakenScream.wav" />
	</sound>
	<sound id="419">
		<sample weight="1" path="TheStainBurst.wav" />
	</sound>
	<sound id="420">
		<sample weight="1" path="BrownieLaugh1.wav" />
		<sample weight="1" path="BrownieLaugh2.wav" />
	</sound>
	<sound id="421">
		<sample weight="1" path="Cave Monster Roar.wav" />
	</sound>
	<sound id="422">
		<sample weight="1" path="Monster Roar 02.wav" />
	</sound>
	<sound id="423">
		<sample weight="1" path="Monster Roar 03.wav" />
	</sound>
	<sound id="424">
		<sample weight="1" path="Frail Charge.wav" />
	</sound>
	<sound id="425">
		<sample weight="1" path="Hush Charge.wav" />
	</sound>
	<sound id="426">
		<sample weight="1" path="Maw Of The Void.wav" />
	</sound>
	
	<sound id="427">
		<sample weight="1" path="Greed SFX/Coin Destruction/Coin Destroy.wav" />
	</sound>
	<sound id="428">
		<sample weight="1" path="Greed SFX/Coins Falling/Coins Falling 1.wav" />
		<sample weight="1" path="Greed SFX/Coins Falling/Coins Falling 2.wav" />
	</sound>
	<sound id="429">
		<sample weight="1" path="Greed SFX/Greed Death/Greed Death Scream4.wav" />
	</sound>
	<sound id="430">
		<sample weight="1" path="Greed SFX/Greed Death/Greed Turns to Gold.wav" />
	</sound>
	<sound id="431">
		<sample weight="1" path="Greed SFX/Greed Death/Greed Turns to Gold2.wav" />
	</sound>
	<sound id="432">
		<sample weight="1" path="Greed SFX/Greed Roar/Greed Roar1.wav" />
	</sound>
	<sound id="433">
		<sample weight="1" path="Greed SFX/Greed Roar/Greed Roar2.wav" />
	</sound>
	<sound id="434">
		<sample weight="1" path="Greed SFX/Greed Shooting/Spitting v1.wav" />
		<sample weight="1" path="Greed SFX/Greed Shooting/Spitting v2.wav" />
		<sample weight="1" path="Greed SFX/Greed Shooting/Spitting v3.wav" />
	</sound>
	<sound id="435">
		<sample weight="1" path="Greed SFX/Greed Slot Eyes/Pull Slot.wav" />
	</sound>
	<sound id="436">
		<sample weight="1" path="Greed SFX/Greed Slot Eyes/Spin Loop.wav" />
	</sound>
	<sound id="437">
		<sample weight="1" path="Greed SFX/Greed Slot Eyes/Stop.wav" />
	</sound>
	<sound id="438">
		<sample weight="1" path="Greed SFX/Greed Slot Eyes/Win Loop End Sound.wav" />
	</sound>
	<sound id="439">
		<sample weight="1" path="Greed SFX/Greed Slot Eyes/Win Loop.wav" />
	</sound>
	<sound id="440">
		<sample weight="1" path="Greed SFX/Greed Spinning Lariat SFX/Lasso_Spin_Fast_Loop_1a.wav" />
		<sample weight="1" path="Greed SFX/Greed Spinning Lariat SFX/Lasso_Spin_Fast_Loop_2a.wav" />
		<sample weight="1" path="Greed SFX/Greed Spinning Lariat SFX/Lasso_Spin_Slow_Loop_1a.wav" />
	</sound>
	<sound id="441">
		<sample weight="1" path="Dog Bark.wav" />
	</sound>
	<sound id="442">
		<sample weight="1" path="Dog Howell.wav" />
	</sound>
	<sound id="443">
		<sample weight="1" path="Voiceover/X Lax 2.wav" />
	</sound>
	<sound id="444">
		<sample weight="1" path="Voiceover/Wrong 1.wav" />
	</sound>
	<sound id="445">
		<sample weight="1" path="Voiceover/Vurp 1.wav" />
	</sound>
	<sound id="446">
		<sample weight="1" path="Voiceover/Sunshine 1.wav" />
	</sound>
	<sound id="447">
		<sample weight="1" path="Voiceover/Spades 2.wav" />
	</sound>
	<sound id="448">
		<sample weight="1" path="Voiceover/Horf 2.wav" />
	</sound>
	<sound id="449">
		<sample weight="1" path="Voiceover/Holy Card 2.wav" />
	</sound>
	<sound id="450">
		<sample weight="1" path="Voiceover/Hearts 1.wav" />
	</sound>
	<sound id="451">
		<sample weight="1" path="Voiceover/Gulp 1.wav" />
	</sound>
	<sound id="452">
		<sample weight="1" path="Voiceover/Friends 1.wav" />
	</sound>
	<sound id="453">
		<sample weight="1" path="Voiceover/Excited 1.wav" />
	</sound>
	<sound id="454">
		<sample weight="1" path="Voiceover/Drowsy 1.wav" />
	</sound>
	<sound id="455">
		<sample weight="1" path="Voiceover/Diamonds 1.wav" />
	</sound>
	<sound id="456">
		<sample weight="1" path="Voiceover/Clubs 1.wav" />
	</sound>
	<sound id="457">
		<sample weight="1" path="Voiceover/Black Rune 2.wav" />
	</sound>
</sounds>
