<items gfxroot="gfx/items/" version="1">
	<passive cache="damage" description="My eyes itch" gfx="collectibles_chiggers.png" name="Larval Therapy" special="false" />
	<passive description="More Active Space" gfx="backpack.png" name="Backpack" />
	<passive cache="damage" description="DF is love" gfx="symbol.png" name="Symbol_Of_Babylonia" />
	<passive cache="damage" description="Yoon - Myeong Jin is love" gfx="fars.png" name="Farss_Golden_Goblet" />
	<passive cache="damage" description="HY is love" gfx="rosetta.png" name="Rosetta_Stone" />
	<active description="N/A" gfx="collectibles_quickchaos.png" name="Rank-Up-Magic Quick Chaos" />
	<active description="N/A" gfx="collectibles_skipforce.png" name="Rank-Up-Magic Skip Force" />
	<active description="N/A" gfx="collectibles_deathdoubleforce.png" name="Rank-Up-Magic Death Double Force" />
  <active description="." gfx="monolelium.png" name="Monolelium"/>
  <passive description="." gfx="collectibles_tongue_with_envy.png" name="Tongue with Envy"/>
  <passive description="." gfx="collectibles_a_mouth_eaten_mouth.png" name="A Mouth-eaten Mouth"/>
  <passive description="." gfx="collectibles_the_hand_of_greed.png" name="The Hand of Greed"/>
  <passive description="." gfx="collectibles_eye_with_Full_of Pride.png" name="Eye with Full of Pride"/>
  <passive description="." gfx="collectibles_a_slothful_foot.png" name="A Slothful Foot"/>
  <active description="A tantalizing cube of power" gfx="spice.png" name="Spice"/>
  <active description="." gfx="802.png" name="Scroll For Chaos" />
  <active description="." gfx="803.png" name="(DNF)Skeleton Key" />
  <active description="." gfx="804.png" name="(DNF)Unseal Lost Treasures" />
  <passive description="." gfx="805.png" name="League of Legends" />
  <active description="." gfx="806.png" name="Tropicana Sparkling Apple" />
  <active description="." gfx="807.png" name="The Small Hippo" />
  <active description="." gfx="808.png" name="The Small Raven" />
  <active description="." gfx="809.png" name="The Small Toy" />
  <active description="." gfx="810.png" name="Amazing Chaos Scroll" />
  <active description="." gfx="996.png" name="Rank-Up-Magic Soul Shave Force" />
</items>
